,Customer No,Customer Name,SKU Category,Month-Year,2019-04-01 00:00:00,Total
0,BN-DT-00219,ONONIVAMI NIG LTD,COMFORT,,120096.0,120096.0
1,BN-DT-00219,ONONIVAMI NIG LTD,Total,,120096.0,120096.0
2,KD-DT-00004,YEMI BADEJO AND SONS (KADUNA),LUXURY,,347172.0,347172.0
3,KD-DT-00004,YEMI BADEJO AND SONS (KADUNA),VALUE,,903675.1799999999,903675.1799999999
4,KD-DT-00004,YEMI BADEJO AND SONS (KADUNA),COMFORT,,3271869.0,3271869.0
5,KD-DT-00004,YEMI BADEJO AND SONS (KADUNA),Total,,4522716.18,4522716.18
6,KD-DT-00007,DIVINE LIFT PRIME INDUSTRY LTD.,LUXURY,,84167.0,84167.0
7,KD-DT-00007,DIVINE LIFT PRIME INDUSTRY LTD.,VALUE,,247935.67,247935.67
8,KD-DT-00007,DIVINE LIFT PRIME INDUSTRY LTD.,COMFORT,,881413.0,881413.0
9,KD-DT-00007,DIVINE LIFT PRIME INDUSTRY LTD.,Total,,1213515.67,1213515.67
10,KD-DT-00008,ASWEST LIMITED (NIGER),LUXURY,,2642454.0,2642454.0
11,KD-DT-00008,ASWEST LIMITED (NIGER),VALUE,,5993470.969999999,5993470.969999999
12,KD-DT-00008,ASWEST LIMITED (NIGER),COMFORT,,6397251.62,6397251.62
13,KD-DT-00008,ASWEST LIMITED (NIGER),Total,,15033176.59,15033176.59
14,KD-DT-00009,ASAD INVESTMENT (KADUNA),LUXURY,,259200.0,259200.0
15,KD-DT-00009,ASAD INVESTMENT (KADUNA),VALUE,,16472.4,16472.4
16,KD-DT-00009,ASAD INVESTMENT (KADUNA),COMFORT,,268165.0,268165.0
17,KD-DT-00009,ASAD INVESTMENT (KADUNA),Total,,543837.4,543837.4
18,KD-DT-00019,C.C.IKEGWUONO NIGERIA ENT. (PLATEAU),LUXURY,,2470905.0,2470905.0
19,KD-DT-00019,C.C.IKEGWUONO NIGERIA ENT. (PLATEAU),VALUE,,1129181.09,1129181.09
20,KD-DT-00019,C.C.IKEGWUONO NIGERIA ENT. (PLATEAU),COMFORT,,3408897.0,3408897.0
21,KD-DT-00019,C.C.IKEGWUONO NIGERIA ENT. (PLATEAU),Total,,7008983.09,7008983.09
22,KD-DT-00021,TOPMOST GLORY (ABUJA),LUXURY,,1233638.0,1233638.0
23,KD-DT-00021,TOPMOST GLORY (ABUJA),VALUE,,244163.03,244163.03
24,KD-DT-00021,TOPMOST GLORY (ABUJA),COMFORT,,5673032.89,5673032.89
25,KD-DT-00021,TOPMOST GLORY (ABUJA),Total,,7150833.92,7150833.92
26,KD-DT-00025,EDU INTERCONTINENTAL VEN.NIG.LTD,LUXURY,,1449758.0,1449758.0
27,KD-DT-00025,EDU INTERCONTINENTAL VEN.NIG.LTD,VALUE,,9072262.9,9072262.9
28,KD-DT-00025,EDU INTERCONTINENTAL VEN.NIG.LTD,COMFORT,,3585583.0,3585583.0
29,KD-DT-00025,EDU INTERCONTINENTAL VEN.NIG.LTD,Total,,14107603.899999999,14107603.899999999
30,KD-DT-00034,ON-JUST FOUNDATION (BAUCHI),VALUE,,312738.30000000005,312738.30000000005
31,KD-DT-00034,ON-JUST FOUNDATION (BAUCHI),COMFORT,,1516535.2200000002,1516535.2200000002
32,KD-DT-00034,ON-JUST FOUNDATION (BAUCHI),Total,,1829273.52,1829273.52
33,KD-DT-00053,ALHAJI YUNUSA MUHAMMED & SONS (GOMBE),LUXURY,,430264.0,430264.0
34,KD-DT-00053,ALHAJI YUNUSA MUHAMMED & SONS (GOMBE),VALUE,,23601757.200000003,23601757.200000003
35,KD-DT-00053,ALHAJI YUNUSA MUHAMMED & SONS (GOMBE),COMFORT,,1460143.0,1460143.0
36,KD-DT-00053,ALHAJI YUNUSA MUHAMMED & SONS (GOMBE),Total,,25492164.200000003,25492164.200000003
37,KD-DT-00061,JOBROS NIG. LIMITED (BENUE),LUXURY,,879386.0,879386.0
38,KD-DT-00061,JOBROS NIG. LIMITED (BENUE),COMFORT,,405300.0,405300.0
39,KD-DT-00061,JOBROS NIG. LIMITED (BENUE),Total,,1284686.0,1284686.0
40,KD-DT-00067,TIMADET,VALUE,,406820.21,406820.21
41,KD-DT-00067,TIMADET,COMFORT,,53529.0,53529.0
42,KD-DT-00067,TIMADET,Total,,460349.21,460349.21
43,KD-DT-00069,CANOPY GROUP,LUXURY,,1485350.0,1485350.0
44,KD-DT-00069,CANOPY GROUP,VALUE,,667772.25,667772.25
45,KD-DT-00069,CANOPY GROUP,COMFORT,,1927691.0,1927691.0
46,KD-DT-00069,CANOPY GROUP,Total,,4080813.2500000005,4080813.2500000005
47,KD-DT-00077,IKENNA MGBIKE (GBOKO),COMFORT,,199599.0,199599.0
48,KD-DT-00077,IKENNA MGBIKE (GBOKO),Total,,199599.0,199599.0
49,KD-DT-00107,MESSRS O. ISAACS LTD.,LUXURY,,14592070.14,14592070.14
50,KD-DT-00107,MESSRS O. ISAACS LTD.,VALUE,,9323529.229999999,9323529.229999999
51,KD-DT-00107,MESSRS O. ISAACS LTD.,COMFORT,,22036013.29,22036013.29
52,KD-DT-00107,MESSRS O. ISAACS LTD.,Total,,45951612.66,45951612.66
53,KD-DT-00220,NURA AHMED CD & SONs,VALUE,,210069.09000000003,210069.09000000003
54,KD-DT-00220,NURA AHMED CD & SONs,COMFORT,,27020.0,27020.0
55,KD-DT-00220,NURA AHMED CD & SONs,Total,,237089.09000000003,237089.09000000003
56,KD-DT-00228,NI'IMA ENTERPRISES,VALUE,,1642746.0,1642746.0
57,KD-DT-00228,NI'IMA ENTERPRISES,COMFORT,,40530.0,40530.0
58,KD-DT-00228,NI'IMA ENTERPRISES,Total,,1683276.0,1683276.0
59,KD-DT-00231,AMAINO GLOBAL SERVICES (GOMBE),VALUE,,3294726.75,3294726.75
60,KD-DT-00231,AMAINO GLOBAL SERVICES (GOMBE),COMFORT,,1186520.0,1186520.0
61,KD-DT-00231,AMAINO GLOBAL SERVICES (GOMBE),Total,,4481246.75,4481246.75
62,KD-DT-00238,HABIBU MOH'D TIJJANI,LUXURY,,51840.0,51840.0
63,KD-DT-00238,HABIBU MOH'D TIJJANI,VALUE,,1846740.9499999995,1846740.9499999995
64,KD-DT-00238,HABIBU MOH'D TIJJANI,COMFORT,,102826.0,102826.0
65,KD-DT-00238,HABIBU MOH'D TIJJANI,Total,,2001406.9499999993,2001406.9499999993
66,KD-DT-00244,IBRAHIM YAHAYA,VALUE,,854131.99,854131.99
67,KD-DT-00244,IBRAHIM YAHAYA,COMFORT,,1098270.27,1098270.27
68,KD-DT-00244,IBRAHIM YAHAYA,Total,,1952402.2600000002,1952402.2600000002
69,KD-DT-00258,MAH OLANREWAJU,LUXURY,,241920.0,241920.0
70,KD-DT-00258,MAH OLANREWAJU,VALUE,,231517.98999999996,231517.98999999996
71,KD-DT-00258,MAH OLANREWAJU,COMFORT,,270950.0,270950.0
72,KD-DT-00258,MAH OLANREWAJU,Total,,744387.99,744387.99
73,KD-DT-00266,STARBIZ LYNK VENTURES,LUXURY,,3152785.9,3152785.9
74,KD-DT-00266,STARBIZ LYNK VENTURES,VALUE,,782460.5900000001,782460.5900000001
75,KD-DT-00266,STARBIZ LYNK VENTURES,COMFORT,,3123888.92,3123888.92
76,KD-DT-00266,STARBIZ LYNK VENTURES,Total,,7059135.409999998,7059135.409999998
77,KD-DT-00272,FREDICO INTER NIG,COMFORT,,7506.0,7506.0
78,KD-DT-00272,FREDICO INTER NIG,Total,,7506.0,7506.0
79,KD-DT-00273,IFAKA BROTHERS ENTERPRISES,VALUE,,993878.46,993878.46
80,KD-DT-00273,IFAKA BROTHERS ENTERPRISES,COMFORT,,1469089.0,1469089.0
81,KD-DT-00273,IFAKA BROTHERS ENTERPRISES,Total,,2462967.459999999,2462967.459999999
82,KD-DT-00275,YEMI BADEJO-WORKABLE,LUXURY,,1134979.0,1134979.0
83,KD-DT-00275,YEMI BADEJO-WORKABLE,VALUE,,1756027.8199999998,1756027.8199999998
84,KD-DT-00275,YEMI BADEJO-WORKABLE,COMFORT,,2580539.5,2580539.5
85,KD-DT-00275,YEMI BADEJO-WORKABLE,Total,,5471546.319999999,5471546.319999999
86,KD-DT-00277,ALHAJI YUNUSA MUHAMMAD & SONS (BORNO),VALUE,,5019522.48,5019522.48
87,KD-DT-00277,ALHAJI YUNUSA MUHAMMAD & SONS (BORNO),COMFORT,,1837320.88,1837320.88
88,KD-DT-00277,ALHAJI YUNUSA MUHAMMAD & SONS (BORNO),Total,,6856843.36,6856843.36
89,KD-DT-00286,ULTIMATE STORES,LUXURY,,750172.0,750172.0
90,KD-DT-00286,ULTIMATE STORES,VALUE,,942383.2999999999,942383.2999999999
91,KD-DT-00286,ULTIMATE STORES,COMFORT,,952470.5,952470.5
92,KD-DT-00286,ULTIMATE STORES,Total,,2645025.8000000003,2645025.8000000003
93,KD-DT-00287,MUDASSIR SIDI AMINU,VALUE,,219643.2,219643.2
94,KD-DT-00287,MUDASSIR SIDI AMINU,COMFORT,,732082.0,732082.0
95,KD-DT-00287,MUDASSIR SIDI AMINU,Total,,951725.2,951725.2
96,KD-DT-00288,HARUNA MARVAH,COMFORT,,94622.0,94622.0
97,KD-DT-00288,HARUNA MARVAH,Total,,94622.0,94622.0
98,KD-DT-00290,IBRAHIM LABARAN AHMED GEN ENT.,LUXURY,,248355.0,248355.0
99,KD-DT-00290,IBRAHIM LABARAN AHMED GEN ENT.,VALUE,,3028958.1,3028958.1
100,KD-DT-00290,IBRAHIM LABARAN AHMED GEN ENT.,COMFORT,,3107652.59,3107652.59
101,KD-DT-00290,IBRAHIM LABARAN AHMED GEN ENT.,Total,,6384965.6899999995,6384965.6899999995
102,KD-DT-00291,USMAN MOHAMMED INVESTMENT,VALUE,,2327784.6899999995,2327784.6899999995
103,KD-DT-00291,USMAN MOHAMMED INVESTMENT,Total,,2327784.6899999995,2327784.6899999995
104,KD-DT-00294,ALHAJI YUNUSA MUHAMMAD & SONS (ADAMAWA),VALUE,,552319.3200000001,552319.3200000001
105,KD-DT-00294,ALHAJI YUNUSA MUHAMMAD & SONS (ADAMAWA),Total,,552319.3200000001,552319.3200000001
106,KD-DT-00295,CHARLES UMEBEH VENTURES,VALUE,,172132.49,172132.49
107,KD-DT-00295,CHARLES UMEBEH VENTURES,COMFORT,,149090.0,149090.0
108,KD-DT-00295,CHARLES UMEBEH VENTURES,Total,,321222.49000000005,321222.49000000005
109,KD-DT-00297,EDU TRIPPLE DON LTD,LUXURY,,1538992.0,1538992.0
110,KD-DT-00297,EDU TRIPPLE DON LTD,VALUE,,2530239.2199999997,2530239.2199999997
111,KD-DT-00297,EDU TRIPPLE DON LTD,COMFORT,,6585838.0,6585838.0
112,KD-DT-00297,EDU TRIPPLE DON LTD,Total,,10655069.219999999,10655069.219999999
113,KD-DT-00299,M. S. DANJUMA GENERAL ENTERPRISES,VALUE,,4852818.6,4852818.6
114,KD-DT-00299,M. S. DANJUMA GENERAL ENTERPRISES,COMFORT,,121590.0,121590.0
115,KD-DT-00299,M. S. DANJUMA GENERAL ENTERPRISES,Total,,4974408.6,4974408.6
116,KD-DT-00300,MAI KATIFA & SONS NIG,LUXURY,,102089.96,102089.96
117,KD-DT-00300,MAI KATIFA & SONS NIG,VALUE,,2652783.34,2652783.34
118,KD-DT-00300,MAI KATIFA & SONS NIG,COMFORT,,2369408.14,2369408.14
119,KD-DT-00300,MAI KATIFA & SONS NIG,Total,,5124281.4399999995,5124281.4399999995
120,KD-DT-00302,DAMADO HEALTH AND AGRO-ALLIED SERVICES,LUXURY,,187192.0,187192.0
121,KD-DT-00302,DAMADO HEALTH AND AGRO-ALLIED SERVICES,Total,,187192.0,187192.0
122,KD-DT-00303,MABROS STORES NIG. ENTERPRISES,LUXURY,,888815.0,888815.0
123,KD-DT-00303,MABROS STORES NIG. ENTERPRISES,VALUE,,991451.0,991451.0
124,KD-DT-00303,MABROS STORES NIG. ENTERPRISES,COMFORT,,375300.0,375300.0
125,KD-DT-00303,MABROS STORES NIG. ENTERPRISES,Total,,2255566.0,2255566.0
126,KD-DT-00304,GALADIMA GENERAL MERCHANDISE,VALUE,,704167.5900000002,704167.5900000002
127,KD-DT-00304,GALADIMA GENERAL MERCHANDISE,COMFORT,,52539.0,52539.0
128,KD-DT-00304,GALADIMA GENERAL MERCHANDISE,Total,,756706.5900000001,756706.5900000001
129,KD-DT-00305,MEKUS & SONS ENT.,LUXURY,,84167.0,84167.0
130,KD-DT-00305,MEKUS & SONS ENT.,VALUE,,5653566.810000002,5653566.810000002
131,KD-DT-00305,MEKUS & SONS ENT.,COMFORT,,710558.0,710558.0
132,KD-DT-00305,MEKUS & SONS ENT.,Total,,6448291.810000002,6448291.810000002
133,KD-DT-00306,JAFARTU LTD,VALUE,,13545744.859999996,13545744.859999996
134,KD-DT-00306,JAFARTU LTD,COMFORT,,1851353.0,1851353.0
135,KD-DT-00306,JAFARTU LTD,Total,,15397097.859999996,15397097.859999996
136,KD-DT-00308,ROSY ANGELS ASSOCIATES LTD (ABUJA),LUXURY,,126250.0,126250.0
137,KD-DT-00308,ROSY ANGELS ASSOCIATES LTD (ABUJA),VALUE,,105345.45,105345.45
138,KD-DT-00308,ROSY ANGELS ASSOCIATES LTD (ABUJA),COMFORT,,434653.0,434653.0
139,KD-DT-00308,ROSY ANGELS ASSOCIATES LTD (ABUJA),Total,,666248.45,666248.45
140,KD-DT-00309,GEMKOL RESOURCES LTD,LUXURY,,64800.0,64800.0
141,KD-DT-00309,GEMKOL RESOURCES LTD,VALUE,,30835.67,30835.67
142,KD-DT-00309,GEMKOL RESOURCES LTD,Total,,95635.67,95635.67
143,KD-DT-00312,EJIKE ENTERPRISES,VALUE,,443113.17,443113.17
144,KD-DT-00312,EJIKE ENTERPRISES,COMFORT,,141274.74,141274.74
145,KD-DT-00312,EJIKE ENTERPRISES,Total,,584387.9099999999,584387.9099999999
146,KD-DT-00316,THERMOS KONSULT NIG LTD,LUXURY,,129600.0,129600.0
147,KD-DT-00316,THERMOS KONSULT NIG LTD,VALUE,,358660.72000000003,358660.72000000003
148,KD-DT-00316,THERMOS KONSULT NIG LTD,COMFORT,,1153882.7000000002,1153882.7000000002
149,KD-DT-00316,THERMOS KONSULT NIG LTD,Total,,1642143.4200000002,1642143.4200000002
150,KD-DT-00317,AMAINO GLOBAL SERVICES,VALUE,,8240244.22,8240244.22
151,KD-DT-00317,AMAINO GLOBAL SERVICES,Total,,8240244.22,8240244.22
152,KD-DT-00318,FATMAX GLOBAL VENTURE LTD,VALUE,,3728691.5,3728691.5
153,KD-DT-00318,FATMAX GLOBAL VENTURE LTD,COMFORT,,440458.28,440458.28
154,KD-DT-00318,FATMAX GLOBAL VENTURE LTD,Total,,4169149.7800000003,4169149.7800000003
155,KD-DT-00320,MARGAWA GLOBAL VENTURES,VALUE,,38877.09,38877.09
156,KD-DT-00320,MARGAWA GLOBAL VENTURES,Total,,38877.09,38877.09
157,KD-DT-00321,ADALIGHT VENTURES,LUXURY,,63125.0,63125.0
158,KD-DT-00321,ADALIGHT VENTURES,VALUE,,2341071.1900000004,2341071.1900000004
159,KD-DT-00321,ADALIGHT VENTURES,COMFORT,,267712.0,267712.0
160,KD-DT-00321,ADALIGHT VENTURES,Total,,2671908.19,2671908.19
161,KD-DT-00322,AMAINO GLOBAL SERVICES,LUXURY,,355526.0,355526.0
162,KD-DT-00322,AMAINO GLOBAL SERVICES,VALUE,,4139737.9500000007,4139737.9500000007
163,KD-DT-00322,AMAINO GLOBAL SERVICES,COMFORT,,2824893.04,2824893.04
164,KD-DT-00322,AMAINO GLOBAL SERVICES,Total,,7320156.989999999,7320156.989999999
165,KD-DT-00324,WORKABLE DIMENSIONS NIGERIA LIMITED,LUXURY,,4130851.39,4130851.39
166,KD-DT-00324,WORKABLE DIMENSIONS NIGERIA LIMITED,VALUE,,2695218.7999999993,2695218.7999999993
167,KD-DT-00324,WORKABLE DIMENSIONS NIGERIA LIMITED,COMFORT,,8580317.32,8580317.32
168,KD-DT-00324,WORKABLE DIMENSIONS NIGERIA LIMITED,Total,,15406387.509999998,15406387.509999998
169,KD-DT-00325,U M MARKE FARMS NIG ENTERPRISES,LUXURY,,60480.0,60480.0
170,KD-DT-00325,U M MARKE FARMS NIG ENTERPRISES,VALUE,,182478.04000000004,182478.04000000004
171,KD-DT-00325,U M MARKE FARMS NIG ENTERPRISES,COMFORT,,270201.0,270201.0
172,KD-DT-00325,U M MARKE FARMS NIG ENTERPRISES,Total,,513159.04,513159.04
173,KD-DT-00327,AMAK'S INTEGRATED CONCEPT ENTERPRISES,VALUE,,5287195.2,5287195.2
174,KD-DT-00327,AMAK'S INTEGRATED CONCEPT ENTERPRISES,Total,,5287195.2,5287195.2
175,Total,,,,267668840.35999992,267668840.35999992
