,Customer No,Customer Name,SKU Category,Month-Year,2018-08-01 00:00:00,Total
0,KD-DT-00004,YEMI BADEJO AND SONS (KADUNA),VALUE,,1149909.92,1149909.92
1,KD-DT-00004,YEMI BADEJO AND SONS (KADUNA),COMFORT,,738808.0,738808.0
2,KD-DT-00004,YEMI BADEJO AND SONS (KADUNA),Total,,1888717.9199999997,1888717.9199999997
3,KD-DT-00007,DIVINE LIFT PRIME INDUSTRY LTD.,LUXURY,,112320.0,112320.0
4,KD-DT-00007,DIVINE LIFT PRIME INDUSTRY LTD.,VALUE,,339419.45,339419.45
5,KD-DT-00007,DIVINE LIFT PRIME INDUSTRY LTD.,COMFORT,,186889.0,186889.0
6,KD-DT-00007,DIVINE LIFT PRIME INDUSTRY LTD.,Total,,638628.4500000001,638628.4500000001
7,KD-DT-00008,ASWEST LIMITED (NIGER),LUXURY,,446392.0,446392.0
8,KD-DT-00008,ASWEST LIMITED (NIGER),VALUE,,4371825.3,4371825.3
9,KD-DT-00008,ASWEST LIMITED (NIGER),COMFORT,,3501015.0,3501015.0
10,KD-DT-00008,ASWEST LIMITED (NIGER),Total,,8319232.299999999,8319232.299999999
11,KD-DT-00009,ASAD INVESTMENT (KADUNA),LUXURY,,145436.0,145436.0
12,KD-DT-00009,ASAD INVESTMENT (KADUNA),COMFORT,,521321.16000000003,521321.16000000003
13,KD-DT-00009,ASAD INVESTMENT (KADUNA),Total,,666757.16,666757.16
14,KD-DT-00010,FID JOE BEDDINGS,LUXURY,,216000.0,216000.0
15,KD-DT-00010,FID JOE BEDDINGS,VALUE,,4575.9,4575.9
16,KD-DT-00010,FID JOE BEDDINGS,COMFORT,,348563.46,348563.46
17,KD-DT-00010,FID JOE BEDDINGS,Total,,569139.3600000001,569139.3600000001
18,KD-DT-00019,C.C.IKEGWUONO NIGERIA ENT. (PLATEAU),LUXURY,,648000.0,648000.0
19,KD-DT-00019,C.C.IKEGWUONO NIGERIA ENT. (PLATEAU),VALUE,,180057.71,180057.71
20,KD-DT-00019,C.C.IKEGWUONO NIGERIA ENT. (PLATEAU),COMFORT,,603043.0,603043.0
21,KD-DT-00019,C.C.IKEGWUONO NIGERIA ENT. (PLATEAU),Total,,1431100.71,1431100.71
22,KD-DT-00021,TOPMOST GLORY (ABUJA),LUXURY,,393873.83,393873.83
23,KD-DT-00021,TOPMOST GLORY (ABUJA),VALUE,,236511.46000000002,236511.46000000002
24,KD-DT-00021,TOPMOST GLORY (ABUJA),COMFORT,,797144.0,797144.0
25,KD-DT-00021,TOPMOST GLORY (ABUJA),Total,,1427529.29,1427529.29
26,KD-DT-00022,C-MOORE VENTURES (08033101682),VALUE,,485673.3,485673.3
27,KD-DT-00022,C-MOORE VENTURES (08033101682),COMFORT,,105078.0,105078.0
28,KD-DT-00022,C-MOORE VENTURES (08033101682),Total,,590751.3,590751.3
29,KD-DT-00025,EDU INTERCONTINENTAL VEN.NIG.LTD,LUXURY,,883620.0,883620.0
30,KD-DT-00025,EDU INTERCONTINENTAL VEN.NIG.LTD,VALUE,,4635981.52,4635981.52
31,KD-DT-00025,EDU INTERCONTINENTAL VEN.NIG.LTD,COMFORT,,4072744.0,4072744.0
32,KD-DT-00025,EDU INTERCONTINENTAL VEN.NIG.LTD,Total,,9592345.520000001,9592345.520000001
33,KD-DT-00046,KABAZAD NIGERIA LTD (BAUCHI),LUXURY,,177763.0,177763.0
34,KD-DT-00046,KABAZAD NIGERIA LTD (BAUCHI),VALUE,,145092.15,145092.15
35,KD-DT-00046,KABAZAD NIGERIA LTD (BAUCHI),Total,,322855.15,322855.15
36,KD-DT-00053,ALHAJI YUNUSA MUHAMMED & SONS (GOMBE),VALUE,,15093634.549999999,15093634.549999999
37,KD-DT-00053,ALHAJI YUNUSA MUHAMMED & SONS (GOMBE),COMFORT,,1788227.0,1788227.0
38,KD-DT-00053,ALHAJI YUNUSA MUHAMMED & SONS (GOMBE),Total,,16881861.55,16881861.55
39,KD-DT-00061,JOBROS NIG. LIMITED (BENUE),LUXURY,,1758562.0,1758562.0
40,KD-DT-00061,JOBROS NIG. LIMITED (BENUE),COMFORT,,561875.79,561875.79
41,KD-DT-00061,JOBROS NIG. LIMITED (BENUE),Total,,2320437.79,2320437.79
42,KD-DT-00067,TIMADET,VALUE,,325597.35,325597.35
43,KD-DT-00067,TIMADET,COMFORT,,42844.85,42844.85
44,KD-DT-00067,TIMADET,Total,,368442.2,368442.2
45,KD-DT-00069,CANOPY GROUP,LUXURY,,142050.97999999998,142050.97999999998
46,KD-DT-00069,CANOPY GROUP,Total,,142050.97999999998,142050.97999999998
47,KD-DT-00076,ALH. MANSIR ABDU KATSINA,VALUE,,1519198.7999999998,1519198.7999999998
48,KD-DT-00076,ALH. MANSIR ABDU KATSINA,Total,,1519198.7999999998,1519198.7999999998
49,KD-DT-00077,IKENNA MGBIKE (GBOKO),LUXURY,,98194.0,98194.0
50,KD-DT-00077,IKENNA MGBIKE (GBOKO),Total,,98194.0,98194.0
51,KD-DT-00107,MESSRS O. ISAACS LTD.,LUXURY,,14599638.14,14599638.14
52,KD-DT-00107,MESSRS O. ISAACS LTD.,VALUE,,8217392.699999999,8217392.699999999
53,KD-DT-00107,MESSRS O. ISAACS LTD.,COMFORT,,15171576.88,15171576.88
54,KD-DT-00107,MESSRS O. ISAACS LTD.,Total,,37988607.72000002,37988607.72000002
55,KD-DT-00141,MUKTAR RABI ENTERPRISES(08030775540),LUXURY,,331059.84,331059.84
56,KD-DT-00141,MUKTAR RABI ENTERPRISES(08030775540),VALUE,,111750.87,111750.87
57,KD-DT-00141,MUKTAR RABI ENTERPRISES(08030775540),COMFORT,,52539.0,52539.0
58,KD-DT-00141,MUKTAR RABI ENTERPRISES(08030775540),Total,,495349.7100000001,495349.7100000001
59,KD-DT-00220,NURA AHMED CD & SONs,VALUE,,96096.0,96096.0
60,KD-DT-00220,NURA AHMED CD & SONs,COMFORT,,225168.0,225168.0
61,KD-DT-00220,NURA AHMED CD & SONs,Total,,321264.0,321264.0
62,KD-DT-00231,AMAINO GLOBAL SERVICES (GOMBE),VALUE,,914290.6499999999,914290.6499999999
63,KD-DT-00231,AMAINO GLOBAL SERVICES (GOMBE),COMFORT,,88260.0,88260.0
64,KD-DT-00231,AMAINO GLOBAL SERVICES (GOMBE),Total,,1002550.6499999999,1002550.6499999999
65,KD-DT-00238,HABIBU MOH'D TIJJANI,VALUE,,1722555.37,1722555.37
66,KD-DT-00238,HABIBU MOH'D TIJJANI,COMFORT,,90066.0,90066.0
67,KD-DT-00238,HABIBU MOH'D TIJJANI,Total,,1812621.37,1812621.37
68,KD-DT-00244,IBRAHIM YAHAYA,VALUE,,406995.67,406995.67
69,KD-DT-00244,IBRAHIM YAHAYA,COMFORT,,595623.0,595623.0
70,KD-DT-00244,IBRAHIM YAHAYA,Total,,1002618.67,1002618.67
71,KD-DT-00266,STARBIZ LYNK VENTURES,LUXURY,,3412070.26,3412070.26
72,KD-DT-00266,STARBIZ LYNK VENTURES,VALUE,,4034696.5999999996,4034696.5999999996
73,KD-DT-00266,STARBIZ LYNK VENTURES,COMFORT,,821836.96,821836.96
74,KD-DT-00266,STARBIZ LYNK VENTURES,Total,,8268603.819999999,8268603.819999999
75,KD-DT-00272,FREDICO INTER NIG,VALUE,,1888529.69,1888529.69
76,KD-DT-00272,FREDICO INTER NIG,Total,,1888529.69,1888529.69
77,KD-DT-00275,YEMI BADEJO-WORKABLE,LUXURY,,5253082.94,5253082.94
78,KD-DT-00275,YEMI BADEJO-WORKABLE,VALUE,,6030461.04,6030461.04
79,KD-DT-00275,YEMI BADEJO-WORKABLE,COMFORT,,4426043.140000001,4426043.140000001
80,KD-DT-00275,YEMI BADEJO-WORKABLE,Total,,15709587.119999995,15709587.119999995
81,KD-DT-00277,ALHAJI YUNUSA MUHAMMAD & SONS (BORNO),VALUE,,1043305.2,1043305.2
82,KD-DT-00277,ALHAJI YUNUSA MUHAMMAD & SONS (BORNO),Total,,1043305.2,1043305.2
83,KD-DT-00287,MUDASSIR SIDI AMINU,VALUE,,21964.95,21964.95
84,KD-DT-00287,MUDASSIR SIDI AMINU,Total,,21964.95,21964.95
85,KD-DT-00290,IBRAHIM LABARAN AHMED GEN ENT.,LUXURY,,84167.0,84167.0
86,KD-DT-00290,IBRAHIM LABARAN AHMED GEN ENT.,VALUE,,915173.08,915173.08
87,KD-DT-00290,IBRAHIM LABARAN AHMED GEN ENT.,COMFORT,,1009902.0,1009902.0
88,KD-DT-00290,IBRAHIM LABARAN AHMED GEN ENT.,Total,,2009242.0800000003,2009242.0800000003
89,KD-DT-00291,USMAN MOHAMMED INVESTMENT,VALUE,,692948.9400000001,692948.9400000001
90,KD-DT-00291,USMAN MOHAMMED INVESTMENT,Total,,692948.9400000001,692948.9400000001
91,KD-DT-00294,ALHAJI YUNUSA MUHAMMAD & SONS (ADAMAWA),VALUE,,5086688.25,5086688.25
92,KD-DT-00294,ALHAJI YUNUSA MUHAMMAD & SONS (ADAMAWA),COMFORT,,180135.0,180135.0
93,KD-DT-00294,ALHAJI YUNUSA MUHAMMAD & SONS (ADAMAWA),Total,,5266823.25,5266823.25
94,KD-DT-00297,EDU TRIPPLE DON LTD,LUXURY,,1429203.0,1429203.0
95,KD-DT-00297,EDU TRIPPLE DON LTD,VALUE,,1742642.7900000003,1742642.7900000003
96,KD-DT-00297,EDU TRIPPLE DON LTD,COMFORT,,4148177.0999999996,4148177.0999999996
97,KD-DT-00297,EDU TRIPPLE DON LTD,Total,,7320022.889999998,7320022.889999998
98,KD-DT-00299,M. S. DANJUMA GENERAL ENTERPRISES,LUXURY,,168334.0,168334.0
99,KD-DT-00299,M. S. DANJUMA GENERAL ENTERPRISES,VALUE,,264560.1,264560.1
100,KD-DT-00299,M. S. DANJUMA GENERAL ENTERPRISES,Total,,432894.1,432894.1
101,KD-DT-00306,JAFARTU LTD,VALUE,,1004306.73,1004306.73
102,KD-DT-00306,JAFARTU LTD,Total,,1004306.73,1004306.73
103,KD-DT-00308,ROSY ANGELS ASSOCIATES LTD (ABUJA),LUXURY,,252501.0,252501.0
104,KD-DT-00308,ROSY ANGELS ASSOCIATES LTD (ABUJA),VALUE,,206990.2,206990.2
105,KD-DT-00308,ROSY ANGELS ASSOCIATES LTD (ABUJA),COMFORT,,516348.0,516348.0
106,KD-DT-00308,ROSY ANGELS ASSOCIATES LTD (ABUJA),Total,,975839.2000000001,975839.2000000001
107,KD-DT-00312,EJIKE ENTERPRISES,VALUE,,686385.0,686385.0
108,KD-DT-00312,EJIKE ENTERPRISES,COMFORT,,574255.3,574255.3
109,KD-DT-00312,EJIKE ENTERPRISES,Total,,1260640.3,1260640.3
110,KD-DT-00316,THERMOS KONSULT NIG LTD,LUXURY,,179789.0,179789.0
111,KD-DT-00316,THERMOS KONSULT NIG LTD,Total,,179789.0,179789.0
112,KD-DT-00318,FATMAX GLOBAL VENTURE LTD,LUXURY,,731394.0,731394.0
113,KD-DT-00318,FATMAX GLOBAL VENTURE LTD,VALUE,,3062316.92,3062316.92
114,KD-DT-00318,FATMAX GLOBAL VENTURE LTD,COMFORT,,2125902.0,2125902.0
115,KD-DT-00318,FATMAX GLOBAL VENTURE LTD,Total,,5919612.919999999,5919612.919999999
116,Total,,,,141394364.78999993,141394364.78999993
