,Customer No,Customer Name,SKU Category,Month-Year,2018-12-01 00:00:00,Total
0,KD-CR-0001,SAHAD STORES LIMITED,LUXURY,,400085.0,400085.0
1,KD-CR-0001,SAHAD STORES LIMITED,VALUE,,55538.7,55538.7
2,KD-CR-0001,SAHAD STORES LIMITED,COMFORT,,985141.72,985141.72
3,KD-CR-0001,SAHAD STORES LIMITED,Total,,1440765.42,1440765.42
4,KD-DT-00004,YEMI BADEJO AND SONS (KADUNA),LUXURY,,75600.0,75600.0
5,KD-DT-00004,YEMI BADEJO AND SONS (KADUNA),VALUE,,1469414.0399999998,1469414.0399999998
6,KD-DT-00004,YEMI BADEJO AND SONS (KADUNA),COMFORT,,371694.0,371694.0
7,KD-DT-00004,YEMI BADEJO AND SONS (KADUNA),Total,,1916708.0399999998,1916708.0399999998
8,KD-DT-00007,DIVINE LIFT PRIME INDUSTRY LTD.,LUXURY,,136007.0,136007.0
9,KD-DT-00007,DIVINE LIFT PRIME INDUSTRY LTD.,VALUE,,542366.0099999999,542366.0099999999
10,KD-DT-00007,DIVINE LIFT PRIME INDUSTRY LTD.,COMFORT,,430899.0,430899.0
11,KD-DT-00007,DIVINE LIFT PRIME INDUSTRY LTD.,Total,,1109272.0100000002,1109272.0100000002
12,KD-DT-00008,ASWEST LIMITED (NIGER),LUXURY,,727180.0,727180.0
13,KD-DT-00008,ASWEST LIMITED (NIGER),VALUE,,3266529.86,3266529.86
14,KD-DT-00008,ASWEST LIMITED (NIGER),COMFORT,,4864944.0,4864944.0
15,KD-DT-00008,ASWEST LIMITED (NIGER),Total,,8858653.86,8858653.86
16,KD-DT-00009,ASAD INVESTMENT (KADUNA),LUXURY,,238243.0,238243.0
17,KD-DT-00009,ASAD INVESTMENT (KADUNA),VALUE,,85110.9,85110.9
18,KD-DT-00009,ASAD INVESTMENT (KADUNA),COMFORT,,1138100.0899999999,1138100.0899999999
19,KD-DT-00009,ASAD INVESTMENT (KADUNA),Total,,1461453.99,1461453.99
20,KD-DT-00019,C.C.IKEGWUONO NIGERIA ENT. (PLATEAU),LUXURY,,2066874.0,2066874.0
21,KD-DT-00019,C.C.IKEGWUONO NIGERIA ENT. (PLATEAU),VALUE,,132174.0,132174.0
22,KD-DT-00019,C.C.IKEGWUONO NIGERIA ENT. (PLATEAU),COMFORT,,7234580.58,7234580.58
23,KD-DT-00019,C.C.IKEGWUONO NIGERIA ENT. (PLATEAU),Total,,9433628.58,9433628.58
24,KD-DT-00021,TOPMOST GLORY (ABUJA),LUXURY,,1247214.0,1247214.0
25,KD-DT-00021,TOPMOST GLORY (ABUJA),VALUE,,426111.33,426111.33
26,KD-DT-00021,TOPMOST GLORY (ABUJA),COMFORT,,2133944.0,2133944.0
27,KD-DT-00021,TOPMOST GLORY (ABUJA),Total,,3807269.33,3807269.33
28,KD-DT-00025,EDU INTERCONTINENTAL VEN.NIG.LTD,LUXURY,,2249007.0,2249007.0
29,KD-DT-00025,EDU INTERCONTINENTAL VEN.NIG.LTD,VALUE,,9708425.269999996,9708425.269999996
30,KD-DT-00025,EDU INTERCONTINENTAL VEN.NIG.LTD,COMFORT,,4546027.1,4546027.1
31,KD-DT-00025,EDU INTERCONTINENTAL VEN.NIG.LTD,Total,,16503459.370000007,16503459.370000007
32,KD-DT-00034,ON-JUST FOUNDATION (BAUCHI),VALUE,,1605676.82,1605676.82
33,KD-DT-00034,ON-JUST FOUNDATION (BAUCHI),COMFORT,,1756235.61,1756235.61
34,KD-DT-00034,ON-JUST FOUNDATION (BAUCHI),Total,,3361912.4299999992,3361912.4299999992
35,KD-DT-00053,ALHAJI YUNUSA MUHAMMED & SONS (GOMBE),VALUE,,18807740.700000003,18807740.700000003
36,KD-DT-00053,ALHAJI YUNUSA MUHAMMED & SONS (GOMBE),COMFORT,,1415713.0,1415713.0
37,KD-DT-00053,ALHAJI YUNUSA MUHAMMED & SONS (GOMBE),Total,,20223453.700000003,20223453.700000003
38,KD-DT-00067,TIMADET,VALUE,,722448.5499999999,722448.5499999999
39,KD-DT-00067,TIMADET,COMFORT,,19977.0,19977.0
40,KD-DT-00067,TIMADET,Total,,742425.5499999999,742425.5499999999
41,KD-DT-00069,CANOPY GROUP,LUXURY,,151200.0,151200.0
42,KD-DT-00069,CANOPY GROUP,Total,,151200.0,151200.0
43,KD-DT-00077,IKENNA MGBIKE (GBOKO),LUXURY,,1648796.0,1648796.0
44,KD-DT-00077,IKENNA MGBIKE (GBOKO),VALUE,,59517.69,59517.69
45,KD-DT-00077,IKENNA MGBIKE (GBOKO),COMFORT,,595312.52,595312.52
46,KD-DT-00077,IKENNA MGBIKE (GBOKO),Total,,2303626.21,2303626.21
47,KD-DT-00107,MESSRS O. ISAACS LTD.,LUXURY,,16026069.0,16026069.0
48,KD-DT-00107,MESSRS O. ISAACS LTD.,VALUE,,7331501.590000004,7331501.590000004
49,KD-DT-00107,MESSRS O. ISAACS LTD.,COMFORT,,13430638.03,13430638.03
50,KD-DT-00107,MESSRS O. ISAACS LTD.,Total,,36788208.62000001,36788208.62000001
51,KD-DT-00141,MUKTAR RABI ENTERPRISES(08030775540),LUXURY,,112320.0,112320.0
52,KD-DT-00141,MUKTAR RABI ENTERPRISES(08030775540),VALUE,,94734.78,94734.78
53,KD-DT-00141,MUKTAR RABI ENTERPRISES(08030775540),COMFORT,,171754.58000000002,171754.58000000002
54,KD-DT-00141,MUKTAR RABI ENTERPRISES(08030775540),Total,,378809.36000000004,378809.36000000004
55,KD-DT-00163,A.U.B & Sons,VALUE,,716579.85,716579.85
56,KD-DT-00163,A.U.B & Sons,Total,,716579.85,716579.85
57,KD-DT-00214,NASSARA ENTERPRISES,VALUE,,164734.5,164734.5
58,KD-DT-00214,NASSARA ENTERPRISES,COMFORT,,45033.0,45033.0
59,KD-DT-00214,NASSARA ENTERPRISES,Total,,209767.5,209767.5
60,KD-DT-00220,NURA AHMED CD & SONs,LUXURY,,84167.0,84167.0
61,KD-DT-00220,NURA AHMED CD & SONs,VALUE,,451581.1699999999,451581.1699999999
62,KD-DT-00220,NURA AHMED CD & SONs,COMFORT,,379326.0,379326.0
63,KD-DT-00220,NURA AHMED CD & SONs,Total,,915074.17,915074.17
64,KD-DT-00228,NI'IMA ENTERPRISES,VALUE,,10441867.5,10441867.5
65,KD-DT-00228,NI'IMA ENTERPRISES,Total,,10441867.5,10441867.5
66,KD-DT-00231,AMAINO GLOBAL SERVICES (GOMBE),VALUE,,3267201.0,3267201.0
67,KD-DT-00231,AMAINO GLOBAL SERVICES (GOMBE),Total,,3267201.0,3267201.0
68,KD-DT-00238,HABIBU MOH'D TIJJANI,VALUE,,4382718.26,4382718.26
69,KD-DT-00238,HABIBU MOH'D TIJJANI,COMFORT,,496749.0,496749.0
70,KD-DT-00238,HABIBU MOH'D TIJJANI,Total,,4879467.259999999,4879467.259999999
71,KD-DT-00244,IBRAHIM YAHAYA,LUXURY,,246240.0,246240.0
72,KD-DT-00244,IBRAHIM YAHAYA,VALUE,,1007321.57,1007321.57
73,KD-DT-00244,IBRAHIM YAHAYA,COMFORT,,1376580.0,1376580.0
74,KD-DT-00244,IBRAHIM YAHAYA,Total,,2630141.5699999994,2630141.5699999994
75,KD-DT-00258,MAH OLANREWAJU,VALUE,,170858.21000000002,170858.21000000002
76,KD-DT-00258,MAH OLANREWAJU,COMFORT,,432053.0,432053.0
77,KD-DT-00258,MAH OLANREWAJU,Total,,602911.21,602911.21
78,KD-DT-00266,STARBIZ LYNK VENTURES,LUXURY,,10548899.280000001,10548899.280000001
79,KD-DT-00266,STARBIZ LYNK VENTURES,VALUE,,2861175.53,2861175.53
80,KD-DT-00266,STARBIZ LYNK VENTURES,COMFORT,,4665818.09,4665818.09
81,KD-DT-00266,STARBIZ LYNK VENTURES,Total,,18075892.9,18075892.9
82,KD-DT-00269,MUDIS MERIT VENT.(MUDASIRU ISHOLA NIG LTD (ABUJA)),LUXURY,,518400.0,518400.0
83,KD-DT-00269,MUDIS MERIT VENT.(MUDASIRU ISHOLA NIG LTD (ABUJA)),COMFORT,,769206.0,769206.0
84,KD-DT-00269,MUDIS MERIT VENT.(MUDASIRU ISHOLA NIG LTD (ABUJA)),Total,,1287606.0,1287606.0
85,KD-DT-00272,FREDICO INTER NIG,VALUE,,1349171.04,1349171.04
86,KD-DT-00272,FREDICO INTER NIG,Total,,1349171.04,1349171.04
87,KD-DT-00273,IFAKA BROTHERS ENTERPRISES,VALUE,,223530.31,223530.31
88,KD-DT-00273,IFAKA BROTHERS ENTERPRISES,COMFORT,,607050.0,607050.0
89,KD-DT-00273,IFAKA BROTHERS ENTERPRISES,Total,,830580.31,830580.31
90,KD-DT-00275,YEMI BADEJO-WORKABLE,LUXURY,,4654031.96,4654031.96
91,KD-DT-00275,YEMI BADEJO-WORKABLE,VALUE,,2894188.6199999987,2894188.6199999987
92,KD-DT-00275,YEMI BADEJO-WORKABLE,COMFORT,,5179548.8599999985,5179548.8599999985
93,KD-DT-00275,YEMI BADEJO-WORKABLE,Total,,12727769.440000005,12727769.440000005
94,KD-DT-00277,ALHAJI YUNUSA MUHAMMAD & SONS (BORNO),VALUE,,4825826.25,4825826.25
95,KD-DT-00277,ALHAJI YUNUSA MUHAMMAD & SONS (BORNO),Total,,4825826.25,4825826.25
96,KD-DT-00282,CHARLES UBOSIOGU UBANNA,LUXURY,,358560.0,358560.0
97,KD-DT-00282,CHARLES UBOSIOGU UBANNA,VALUE,,2185701.55,2185701.55
98,KD-DT-00282,CHARLES UBOSIOGU UBANNA,COMFORT,,782022.36,782022.36
99,KD-DT-00282,CHARLES UBOSIOGU UBANNA,Total,,3326283.9099999997,3326283.9099999997
100,KD-DT-00286,ULTIMATE STORES,COMFORT,,85563.0,85563.0
101,KD-DT-00286,ULTIMATE STORES,Total,,85563.0,85563.0
102,KD-DT-00290,IBRAHIM LABARAN AHMED GEN ENT.,LUXURY,,103680.0,103680.0
103,KD-DT-00290,IBRAHIM LABARAN AHMED GEN ENT.,VALUE,,3270288.6199999996,3270288.6199999996
104,KD-DT-00290,IBRAHIM LABARAN AHMED GEN ENT.,COMFORT,,2864741.0,2864741.0
105,KD-DT-00290,IBRAHIM LABARAN AHMED GEN ENT.,Total,,6238709.620000001,6238709.620000001
106,KD-DT-00291,USMAN MOHAMMED INVESTMENT,VALUE,,3144147.28,3144147.28
107,KD-DT-00291,USMAN MOHAMMED INVESTMENT,Total,,3144147.28,3144147.28
108,KD-DT-00293,IKECHUKWU OZODIOBI ENTERPRISES,VALUE,,2418591.7299999995,2418591.7299999995
109,KD-DT-00293,IKECHUKWU OZODIOBI ENTERPRISES,Total,,2418591.7299999995,2418591.7299999995
110,KD-DT-00297,EDU TRIPPLE DON LTD,LUXURY,,2124250.0,2124250.0
111,KD-DT-00297,EDU TRIPPLE DON LTD,VALUE,,2458827.19,2458827.19
112,KD-DT-00297,EDU TRIPPLE DON LTD,COMFORT,,4462868.25,4462868.25
113,KD-DT-00297,EDU TRIPPLE DON LTD,Total,,9045945.440000001,9045945.440000001
114,KD-DT-00299,M. S. DANJUMA GENERAL ENTERPRISES,VALUE,,3643090.5000000005,3643090.5000000005
115,KD-DT-00299,M. S. DANJUMA GENERAL ENTERPRISES,Total,,3643090.5000000005,3643090.5000000005
116,KD-DT-00300,MAI KATIFA & SONS NIG,LUXURY,,147292.0,147292.0
117,KD-DT-00300,MAI KATIFA & SONS NIG,VALUE,,450270.44999999995,450270.44999999995
118,KD-DT-00300,MAI KATIFA & SONS NIG,COMFORT,,403010.33999999997,403010.33999999997
119,KD-DT-00300,MAI KATIFA & SONS NIG,Total,,1000572.7899999999,1000572.7899999999
120,KD-DT-00302,DAMADO HEALTH AND AGRO-ALLIED SERVICES,LUXURY,,947340.0,947340.0
121,KD-DT-00302,DAMADO HEALTH AND AGRO-ALLIED SERVICES,VALUE,,19922.7,19922.7
122,KD-DT-00302,DAMADO HEALTH AND AGRO-ALLIED SERVICES,COMFORT,,1635513.1400000001,1635513.1400000001
123,KD-DT-00302,DAMADO HEALTH AND AGRO-ALLIED SERVICES,Total,,2602775.84,2602775.84
124,KD-DT-00304,GALADIMA GENERAL MERCHANDISE,VALUE,,879668.38,879668.38
125,KD-DT-00304,GALADIMA GENERAL MERCHANDISE,Total,,879668.38,879668.38
126,KD-DT-00305,MEKUS & SONS ENT.,VALUE,,3588923.38,3588923.38
127,KD-DT-00305,MEKUS & SONS ENT.,COMFORT,,743574.0,743574.0
128,KD-DT-00305,MEKUS & SONS ENT.,Total,,4332497.38,4332497.38
129,KD-DT-00306,JAFARTU LTD,VALUE,,9452425.330000002,9452425.330000002
130,KD-DT-00306,JAFARTU LTD,COMFORT,,371251.0,371251.0
131,KD-DT-00306,JAFARTU LTD,Total,,9823676.330000002,9823676.330000002
132,KD-DT-00312,EJIKE ENTERPRISES,VALUE,,205915.5,205915.5
133,KD-DT-00312,EJIKE ENTERPRISES,COMFORT,,1271179.8499999999,1271179.8499999999
134,KD-DT-00312,EJIKE ENTERPRISES,Total,,1477095.3499999999,1477095.3499999999
135,KD-DT-00316,THERMOS KONSULT NIG LTD,LUXURY,,306748.0,306748.0
136,KD-DT-00316,THERMOS KONSULT NIG LTD,VALUE,,216094.31,216094.31
137,KD-DT-00316,THERMOS KONSULT NIG LTD,COMFORT,,1518050.8800000001,1518050.8800000001
138,KD-DT-00316,THERMOS KONSULT NIG LTD,Total,,2040893.1900000004,2040893.1900000004
139,KD-DT-00318,FATMAX GLOBAL VENTURE LTD,VALUE,,1684932.9,1684932.9
140,KD-DT-00318,FATMAX GLOBAL VENTURE LTD,COMFORT,,337560.0,337560.0
141,KD-DT-00318,FATMAX GLOBAL VENTURE LTD,Total,,2022492.9,2022492.9
142,KD-DT-00321,ADALIGHT VENTURES,VALUE,,305754.3499999999,305754.3499999999
143,KD-DT-00321,ADALIGHT VENTURES,COMFORT,,831713.0,831713.0
144,KD-DT-00321,ADALIGHT VENTURES,Total,,1137467.35,1137467.35
145,KD-DT-00323,MUDZAYN GLOBAL VENTURES LIMITED,LUXURY,,30240.0,30240.0
146,KD-DT-00323,MUDZAYN GLOBAL VENTURES LIMITED,VALUE,,2153558.4,2153558.4
147,KD-DT-00323,MUDZAYN GLOBAL VENTURES LIMITED,COMFORT,,1481959.0,1481959.0
148,KD-DT-00323,MUDZAYN GLOBAL VENTURES LIMITED,Total,,3665757.4,3665757.4
149,KD-DT-00324,WORKABLE DIMENSIONS NIGERIA LIMITED,LUXURY,,1326240.0,1326240.0
150,KD-DT-00324,WORKABLE DIMENSIONS NIGERIA LIMITED,VALUE,,1681404.45,1681404.45
151,KD-DT-00324,WORKABLE DIMENSIONS NIGERIA LIMITED,COMFORT,,2742862.85,2742862.85
152,KD-DT-00324,WORKABLE DIMENSIONS NIGERIA LIMITED,Total,,5750507.299999999,5750507.299999999
153,KD-DT-00325,U M MARKE FARMS NIG ENTERPRISES,LUXURY,,64800.0,64800.0
154,KD-DT-00325,U M MARKE FARMS NIG ENTERPRISES,VALUE,,4196523.03,4196523.03
155,KD-DT-00325,U M MARKE FARMS NIG ENTERPRISES,COMFORT,,137192.0,137192.0
156,KD-DT-00325,U M MARKE FARMS NIG ENTERPRISES,Total,,4398515.03,4398515.03
157,Total,,,,238274953.18999988,238274953.18999988
