,Customer No,Customer Name,SKU Category,Month-Year,2018-07-01 00:00:00,Total
0,KD-DT-00004,YEMI BADEJO AND SONS (KADUNA),LUXURY,,239687.0,239687.0
1,KD-DT-00004,YEMI BADEJO AND SONS (KADUNA),VALUE,,742195.13,742195.13
2,KD-DT-00004,YEMI BADEJO AND SONS (KADUNA),COMFORT,,299122.0,299122.0
3,KD-DT-00004,YEMI BADEJO AND SONS (KADUNA),Total,,1281004.1300000001,1281004.1300000001
4,KD-DT-00007,DIVINE LIFT PRIME INDUSTRY LTD.,VALUE,,419024.79,419024.79
5,KD-DT-00007,DIVINE LIFT PRIME INDUSTRY LTD.,COMFORT,,336077.0,336077.0
6,KD-DT-00007,DIVINE LIFT PRIME INDUSTRY LTD.,Total,,755101.79,755101.79
7,KD-DT-00008,ASWEST LIMITED (NIGER),LUXURY,,259200.0,259200.0
8,KD-DT-00008,ASWEST LIMITED (NIGER),VALUE,,2657334.75,2657334.75
9,KD-DT-00008,ASWEST LIMITED (NIGER),COMFORT,,2668655.0,2668655.0
10,KD-DT-00008,ASWEST LIMITED (NIGER),Total,,5585189.75,5585189.75
11,KD-DT-00009,ASAD INVESTMENT (KADUNA),LUXURY,,84167.0,84167.0
12,KD-DT-00009,ASAD INVESTMENT (KADUNA),COMFORT,,346308.0,346308.0
13,KD-DT-00009,ASAD INVESTMENT (KADUNA),Total,,430475.0,430475.0
14,KD-DT-00010,FID JOE BEDDINGS,LUXURY,,103680.0,103680.0
15,KD-DT-00010,FID JOE BEDDINGS,VALUE,,9151.8,9151.8
16,KD-DT-00010,FID JOE BEDDINGS,COMFORT,,538170.7200000001,538170.7200000001
17,KD-DT-00010,FID JOE BEDDINGS,Total,,651002.5199999999,651002.5199999999
18,KD-DT-00019,C.C.IKEGWUONO NIGERIA ENT. (PLATEAU),LUXURY,,1968485.0,1968485.0
19,KD-DT-00019,C.C.IKEGWUONO NIGERIA ENT. (PLATEAU),VALUE,,1361862.5199999998,1361862.5199999998
20,KD-DT-00019,C.C.IKEGWUONO NIGERIA ENT. (PLATEAU),COMFORT,,3958115.75,3958115.75
21,KD-DT-00019,C.C.IKEGWUONO NIGERIA ENT. (PLATEAU),Total,,7288463.27,7288463.27
22,KD-DT-00021,TOPMOST GLORY (ABUJA),LUXURY,,983925.0,983925.0
23,KD-DT-00021,TOPMOST GLORY (ABUJA),VALUE,,402426.17,402426.17
24,KD-DT-00021,TOPMOST GLORY (ABUJA),COMFORT,,2174522.07,2174522.07
25,KD-DT-00021,TOPMOST GLORY (ABUJA),Total,,3560873.24,3560873.24
26,KD-DT-00025,EDU INTERCONTINENTAL VEN.NIG.LTD,LUXURY,,1334879.0,1334879.0
27,KD-DT-00025,EDU INTERCONTINENTAL VEN.NIG.LTD,VALUE,,3285238.0799999996,3285238.0799999996
28,KD-DT-00025,EDU INTERCONTINENTAL VEN.NIG.LTD,COMFORT,,1451779.0,1451779.0
29,KD-DT-00025,EDU INTERCONTINENTAL VEN.NIG.LTD,Total,,6071896.079999998,6071896.079999998
30,KD-DT-00034,ON-JUST FOUNDATION (BAUCHI),VALUE,,1853395.7100000002,1853395.7100000002
31,KD-DT-00034,ON-JUST FOUNDATION (BAUCHI),COMFORT,,888661.0,888661.0
32,KD-DT-00034,ON-JUST FOUNDATION (BAUCHI),Total,,2742056.7100000004,2742056.7100000004
33,KD-DT-00067,TIMADET,VALUE,,501634.60000000003,501634.60000000003
34,KD-DT-00067,TIMADET,COMFORT,,42844.85,42844.85
35,KD-DT-00067,TIMADET,Total,,544479.45,544479.45
36,KD-DT-00069,CANOPY GROUP,LUXURY,,6600632.76,6600632.76
37,KD-DT-00069,CANOPY GROUP,VALUE,,1182870.96,1182870.96
38,KD-DT-00069,CANOPY GROUP,COMFORT,,5582170.35,5582170.35
39,KD-DT-00069,CANOPY GROUP,Total,,13365674.07,13365674.07
40,KD-DT-00077,IKENNA MGBIKE (GBOKO),VALUE,,227708.67,227708.67
41,KD-DT-00077,IKENNA MGBIKE (GBOKO),COMFORT,,22338.0,22338.0
42,KD-DT-00077,IKENNA MGBIKE (GBOKO),Total,,250046.67,250046.67
43,KD-DT-00107,MESSRS O. ISAACS LTD.,LUXURY,,12233031.0,12233031.0
44,KD-DT-00107,MESSRS O. ISAACS LTD.,VALUE,,9968767.560000004,9968767.560000004
45,KD-DT-00107,MESSRS O. ISAACS LTD.,COMFORT,,21170111.209999997,21170111.209999997
46,KD-DT-00107,MESSRS O. ISAACS LTD.,Total,,43371909.77,43371909.77
47,KD-DT-00141,MUKTAR RABI ENTERPRISES(08030775540),LUXURY,,310408.02,310408.02
48,KD-DT-00141,MUKTAR RABI ENTERPRISES(08030775540),VALUE,,92992.41,92992.41
49,KD-DT-00141,MUKTAR RABI ENTERPRISES(08030775540),COMFORT,,507075.82,507075.82
50,KD-DT-00141,MUKTAR RABI ENTERPRISES(08030775540),Total,,910476.25,910476.25
51,KD-DT-00163,A.U.B & Sons,VALUE,,1972773.1,1972773.1
52,KD-DT-00163,A.U.B & Sons,COMFORT,,285033.0,285033.0
53,KD-DT-00163,A.U.B & Sons,Total,,2257806.1,2257806.1
54,KD-DT-00214,NASSARA ENTERPRISES,VALUE,,1672271.71,1672271.71
55,KD-DT-00214,NASSARA ENTERPRISES,Total,,1672271.71,1672271.71
56,KD-DT-00220,NURA AHMED CD & SONs,VALUE,,203629.65,203629.65
57,KD-DT-00220,NURA AHMED CD & SONs,COMFORT,,52539.0,52539.0
58,KD-DT-00220,NURA AHMED CD & SONs,Total,,256168.65,256168.65
59,KD-DT-00228,NI'IMA ENTERPRISES,VALUE,,1684530.54,1684530.54
60,KD-DT-00228,NI'IMA ENTERPRISES,Total,,1684530.54,1684530.54
61,KD-DT-00231,AMAINO GLOBAL SERVICES (GOMBE),VALUE,,1427716.5,1427716.5
62,KD-DT-00231,AMAINO GLOBAL SERVICES (GOMBE),Total,,1427716.5,1427716.5
63,KD-DT-00238,HABIBU MOH'D TIJJANI,VALUE,,2877703.73,2877703.73
64,KD-DT-00238,HABIBU MOH'D TIJJANI,COMFORT,,268701.0,268701.0
65,KD-DT-00238,HABIBU MOH'D TIJJANI,Total,,3146404.73,3146404.73
66,KD-DT-00244,IBRAHIM YAHAYA,LUXURY,,103680.0,103680.0
67,KD-DT-00244,IBRAHIM YAHAYA,VALUE,,197722.14,197722.14
68,KD-DT-00244,IBRAHIM YAHAYA,COMFORT,,2191116.91,2191116.91
69,KD-DT-00244,IBRAHIM YAHAYA,Total,,2492519.05,2492519.05
70,KD-DT-00265,ALIBERT ABUJA,LUXURY,,51044.98,51044.98
71,KD-DT-00265,ALIBERT ABUJA,COMFORT,,1243041.95,1243041.95
72,KD-DT-00265,ALIBERT ABUJA,Total,,1294086.93,1294086.93
73,KD-DT-00266,STARBIZ LYNK VENTURES,LUXURY,,1833747.88,1833747.88
74,KD-DT-00266,STARBIZ LYNK VENTURES,VALUE,,45759.0,45759.0
75,KD-DT-00266,STARBIZ LYNK VENTURES,Total,,1879506.88,1879506.88
76,KD-DT-00272,FREDICO INTER NIG,VALUE,,1006751.8799999999,1006751.8799999999
77,KD-DT-00272,FREDICO INTER NIG,Total,,1006751.8799999999,1006751.8799999999
78,KD-DT-00273,IFAKA BROTHERS ENTERPRISES,VALUE,,250102.25999999998,250102.25999999998
79,KD-DT-00273,IFAKA BROTHERS ENTERPRISES,COMFORT,,752333.46,752333.46
80,KD-DT-00273,IFAKA BROTHERS ENTERPRISES,Total,,1002435.7199999999,1002435.7199999999
81,KD-DT-00275,YEMI BADEJO-WORKABLE,LUXURY,,4121273.21,4121273.21
82,KD-DT-00275,YEMI BADEJO-WORKABLE,VALUE,,3624469.83,3624469.83
83,KD-DT-00275,YEMI BADEJO-WORKABLE,COMFORT,,5370891.85,5370891.85
84,KD-DT-00275,YEMI BADEJO-WORKABLE,Total,,13116634.89,13116634.89
85,KD-DT-00277,ALHAJI YUNUSA MUHAMMAD & SONS (BORNO),VALUE,,3909693.32,3909693.32
86,KD-DT-00277,ALHAJI YUNUSA MUHAMMAD & SONS (BORNO),COMFORT,,252187.0,252187.0
87,KD-DT-00277,ALHAJI YUNUSA MUHAMMAD & SONS (BORNO),Total,,4161880.32,4161880.32
88,KD-DT-00290,IBRAHIM LABARAN AHMED GEN ENT.,LUXURY,,393830.49,393830.49
89,KD-DT-00290,IBRAHIM LABARAN AHMED GEN ENT.,VALUE,,2323621.4000000004,2323621.4000000004
90,KD-DT-00290,IBRAHIM LABARAN AHMED GEN ENT.,COMFORT,,907087.22,907087.22
91,KD-DT-00290,IBRAHIM LABARAN AHMED GEN ENT.,Total,,3624539.1100000003,3624539.1100000003
92,KD-DT-00294,ALHAJI YUNUSA MUHAMMAD & SONS (ADAMAWA),VALUE,,4936998.149999999,4936998.149999999
93,KD-DT-00294,ALHAJI YUNUSA MUHAMMAD & SONS (ADAMAWA),COMFORT,,465345.0,465345.0
94,KD-DT-00294,ALHAJI YUNUSA MUHAMMAD & SONS (ADAMAWA),Total,,5402343.149999999,5402343.149999999
95,KD-DT-00297,EDU TRIPPLE DON LTD,LUXURY,,706100.0,706100.0
96,KD-DT-00297,EDU TRIPPLE DON LTD,VALUE,,3028711.12,3028711.12
97,KD-DT-00297,EDU TRIPPLE DON LTD,COMFORT,,2391617.0,2391617.0
98,KD-DT-00297,EDU TRIPPLE DON LTD,Total,,6126428.119999997,6126428.119999997
99,KD-DT-00299,M. S. DANJUMA GENERAL ENTERPRISES,LUXURY,,261930.0,261930.0
100,KD-DT-00299,M. S. DANJUMA GENERAL ENTERPRISES,VALUE,,3478187.26,3478187.26
101,KD-DT-00299,M. S. DANJUMA GENERAL ENTERPRISES,COMFORT,,108081.0,108081.0
102,KD-DT-00299,M. S. DANJUMA GENERAL ENTERPRISES,Total,,3848198.26,3848198.26
103,KD-DT-00300,MAI KATIFA & SONS NIG,LUXURY,,103680.0,103680.0
104,KD-DT-00300,MAI KATIFA & SONS NIG,VALUE,,1022500.0800000001,1022500.0800000001
105,KD-DT-00300,MAI KATIFA & SONS NIG,COMFORT,,1920989.6600000001,1920989.6600000001
106,KD-DT-00300,MAI KATIFA & SONS NIG,Total,,3047169.74,3047169.74
107,KD-DT-00302,DAMADO HEALTH AND AGRO-ALLIED SERVICES,VALUE,,89284.88,89284.88
108,KD-DT-00302,DAMADO HEALTH AND AGRO-ALLIED SERVICES,COMFORT,,245735.64,245735.64
109,KD-DT-00302,DAMADO HEALTH AND AGRO-ALLIED SERVICES,Total,,335020.52,335020.52
110,KD-DT-00305,MEKUS & SONS ENT.,LUXURY,,93596.0,93596.0
111,KD-DT-00305,MEKUS & SONS ENT.,VALUE,,1972837.0799999998,1972837.0799999998
112,KD-DT-00305,MEKUS & SONS ENT.,COMFORT,,761025.0,761025.0
113,KD-DT-00305,MEKUS & SONS ENT.,Total,,2827458.0799999996,2827458.0799999996
114,KD-DT-00306,JAFARTU LTD,VALUE,,3390607.6999999997,3390607.6999999997
115,KD-DT-00306,JAFARTU LTD,COMFORT,,561401.0,561401.0
116,KD-DT-00306,JAFARTU LTD,Total,,3952008.6999999997,3952008.6999999997
117,KD-DT-00307,B2B MODERN TRADE (KADUNA),LUXURY,,80768.0,80768.0
118,KD-DT-00307,B2B MODERN TRADE (KADUNA),Total,,80768.0,80768.0
119,KD-DT-00308,ROSY ANGELS ASSOCIATES LTD (ABUJA),LUXURY,,63125.0,63125.0
120,KD-DT-00308,ROSY ANGELS ASSOCIATES LTD (ABUJA),VALUE,,133927.32,133927.32
121,KD-DT-00308,ROSY ANGELS ASSOCIATES LTD (ABUJA),COMFORT,,511284.0,511284.0
122,KD-DT-00308,ROSY ANGELS ASSOCIATES LTD (ABUJA),Total,,708336.3200000001,708336.3200000001
123,KD-DT-00312,EJIKE ENTERPRISES,VALUE,,207090.37,207090.37
124,KD-DT-00312,EJIKE ENTERPRISES,COMFORT,,672175.0800000001,672175.0800000001
125,KD-DT-00312,EJIKE ENTERPRISES,Total,,879265.4500000001,879265.4500000001
126,KD-DT-00315,O. SYLVER NIGERIA ENTERPRISE,LUXURY,,177763.0,177763.0
127,KD-DT-00315,O. SYLVER NIGERIA ENTERPRISE,VALUE,,1490228.25,1490228.25
128,KD-DT-00315,O. SYLVER NIGERIA ENTERPRISE,COMFORT,,830949.0,830949.0
129,KD-DT-00315,O. SYLVER NIGERIA ENTERPRISE,Total,,2498940.25,2498940.25
130,KD-DT-00316,THERMOS KONSULT NIG LTD,LUXURY,,352092.0,352092.0
131,KD-DT-00316,THERMOS KONSULT NIG LTD,VALUE,,292797.76,292797.76
132,KD-DT-00316,THERMOS KONSULT NIG LTD,COMFORT,,954479.4000000001,954479.4000000001
133,KD-DT-00316,THERMOS KONSULT NIG LTD,Total,,1599369.1599999997,1599369.1599999997
134,KD-DT-00317,AMAINO GLOBAL SERVICES,VALUE,,4475781.39,4475781.39
135,KD-DT-00317,AMAINO GLOBAL SERVICES,COMFORT,,1357115.42,1357115.42
136,KD-DT-00317,AMAINO GLOBAL SERVICES,Total,,5832896.81,5832896.81
137,Total,,,,162970104.2699998,162970104.2699998
