,Customer No,Customer Name,SKU Category,Month-Year,2019-06-01 00:00:00,Total
0,KD-CR-0001,SAHAD STORES LIMITED,LUXURY,,475256.0,475256.0
1,KD-CR-0001,SAHAD STORES LIMITED,VALUE,,149954.49,149954.49
2,KD-CR-0001,SAHAD STORES LIMITED,COMFORT,,2003141.1600000001,2003141.1600000001
3,KD-CR-0001,SAHAD STORES LIMITED,Total,,2628351.6500000004,2628351.6500000004
4,KD-DT-00004,YEMI BADEJO AND SONS (KADUNA),LUXURY,,1450997.0,1450997.0
5,KD-DT-00004,YEMI BADEJO AND SONS (KADUNA),VALUE,,715022.65,715022.65
6,KD-DT-00004,YEMI BADEJO AND SONS (KADUNA),COMFORT,,1771774.0,1771774.0
7,KD-DT-00004,YEMI BADEJO AND SONS (KADUNA),Total,,3937793.65,3937793.65
8,KD-DT-00007,DIVINE LIFT PRIME INDUSTRY LTD.,LUXURY,,248327.0,248327.0
9,KD-DT-00007,DIVINE LIFT PRIME INDUSTRY LTD.,VALUE,,284622.45,284622.45
10,KD-DT-00007,DIVINE LIFT PRIME INDUSTRY LTD.,COMFORT,,273729.0,273729.0
11,KD-DT-00007,DIVINE LIFT PRIME INDUSTRY LTD.,Total,,806678.4500000001,806678.4500000001
12,KD-DT-00008,ASWEST LIMITED (NIGER),LUXURY,,1590815.0,1590815.0
13,KD-DT-00008,ASWEST LIMITED (NIGER),VALUE,,398097.0,398097.0
14,KD-DT-00008,ASWEST LIMITED (NIGER),COMFORT,,2368893.0,2368893.0
15,KD-DT-00008,ASWEST LIMITED (NIGER),Total,,4357805.0,4357805.0
16,KD-DT-00019,C.C.IKEGWUONO NIGERIA ENT. (PLATEAU),LUXURY,,1219210.0,1219210.0
17,KD-DT-00019,C.C.IKEGWUONO NIGERIA ENT. (PLATEAU),VALUE,,1972247.13,1972247.13
18,KD-DT-00019,C.C.IKEGWUONO NIGERIA ENT. (PLATEAU),COMFORT,,3209853.0,3209853.0
19,KD-DT-00019,C.C.IKEGWUONO NIGERIA ENT. (PLATEAU),Total,,6401310.130000001,6401310.130000001
20,KD-DT-00021,TOPMOST GLORY (ABUJA),LUXURY,,252647.0,252647.0
21,KD-DT-00021,TOPMOST GLORY (ABUJA),VALUE,,100106.18,100106.18
22,KD-DT-00021,TOPMOST GLORY (ABUJA),COMFORT,,1551402.39,1551402.39
23,KD-DT-00021,TOPMOST GLORY (ABUJA),Total,,1904155.5699999998,1904155.5699999998
24,KD-DT-00025,EDU INTERCONTINENTAL VEN.NIG.LTD,LUXURY,,2274611.0,2274611.0
25,KD-DT-00025,EDU INTERCONTINENTAL VEN.NIG.LTD,VALUE,,5047353.22,5047353.22
26,KD-DT-00025,EDU INTERCONTINENTAL VEN.NIG.LTD,COMFORT,,4422084.0,4422084.0
27,KD-DT-00025,EDU INTERCONTINENTAL VEN.NIG.LTD,Total,,11744048.219999999,11744048.219999999
28,KD-DT-00034,ON-JUST FOUNDATION (BAUCHI),LUXURY,,346097.0,346097.0
29,KD-DT-00034,ON-JUST FOUNDATION (BAUCHI),VALUE,,987115.24,987115.24
30,KD-DT-00034,ON-JUST FOUNDATION (BAUCHI),COMFORT,,696518.0,696518.0
31,KD-DT-00034,ON-JUST FOUNDATION (BAUCHI),Total,,2029730.24,2029730.24
32,KD-DT-00053,ALHAJI YUNUSA MUHAMMED & SONS (GOMBE),VALUE,,14037870.550000003,14037870.550000003
33,KD-DT-00053,ALHAJI YUNUSA MUHAMMED & SONS (GOMBE),COMFORT,,5024272.18,5024272.18
34,KD-DT-00053,ALHAJI YUNUSA MUHAMMED & SONS (GOMBE),Total,,19062142.73,19062142.73
35,KD-DT-00067,TIMADET,LUXURY,,122743.0,122743.0
36,KD-DT-00067,TIMADET,VALUE,,2764862.55,2764862.55
37,KD-DT-00067,TIMADET,COMFORT,,618355.0,618355.0
38,KD-DT-00067,TIMADET,Total,,3505960.55,3505960.55
39,KD-DT-00068,LIFE COMFORT MARKETERS,LUXURY,,252501.0,252501.0
40,KD-DT-00068,LIFE COMFORT MARKETERS,VALUE,,469838.07999999996,469838.07999999996
41,KD-DT-00068,LIFE COMFORT MARKETERS,COMFORT,,2670133.1800000006,2670133.1800000006
42,KD-DT-00068,LIFE COMFORT MARKETERS,Total,,3392472.26,3392472.26
43,KD-DT-00069,CANOPY GROUP,LUXURY,,6928462.0,6928462.0
44,KD-DT-00069,CANOPY GROUP,VALUE,,1390025.75,1390025.75
45,KD-DT-00069,CANOPY GROUP,COMFORT,,4768260.0,4768260.0
46,KD-DT-00069,CANOPY GROUP,Total,,13086747.75,13086747.75
47,KD-DT-00107,MESSRS O. ISAACS LTD.,LUXURY,,16438232.15,16438232.15
48,KD-DT-00107,MESSRS O. ISAACS LTD.,VALUE,,8447941.889999999,8447941.889999999
49,KD-DT-00107,MESSRS O. ISAACS LTD.,COMFORT,,20355001.58,20355001.58
50,KD-DT-00107,MESSRS O. ISAACS LTD.,Total,,45241175.620000005,45241175.620000005
51,KD-DT-00162,ST. JUDE INTERNATIONAL CO.,VALUE,,85973.7,85973.7
52,KD-DT-00162,ST. JUDE INTERNATIONAL CO.,COMFORT,,234226.0,234226.0
53,KD-DT-00162,ST. JUDE INTERNATIONAL CO.,Total,,320199.7,320199.7
54,KD-DT-00220,NURA AHMED CD & SONs,VALUE,,79164.75,79164.75
55,KD-DT-00220,NURA AHMED CD & SONs,COMFORT,,36027.0,36027.0
56,KD-DT-00220,NURA AHMED CD & SONs,Total,,115191.75,115191.75
57,KD-DT-00228,NI'IMA ENTERPRISES,VALUE,,3264938.25,3264938.25
58,KD-DT-00228,NI'IMA ENTERPRISES,COMFORT,,360270.0,360270.0
59,KD-DT-00228,NI'IMA ENTERPRISES,Total,,3625208.25,3625208.25
60,KD-DT-00231,AMAINO GLOBAL SERVICES (GOMBE),LUXURY,,2080714.7599999998,2080714.7599999998
61,KD-DT-00231,AMAINO GLOBAL SERVICES (GOMBE),VALUE,,2484606.4300000006,2484606.4300000006
62,KD-DT-00231,AMAINO GLOBAL SERVICES (GOMBE),COMFORT,,9111306.5,9111306.5
63,KD-DT-00231,AMAINO GLOBAL SERVICES (GOMBE),Total,,13676627.690000001,13676627.690000001
64,KD-DT-00238,HABIBU MOH'D TIJJANI,LUXURY,,591692.0,591692.0
65,KD-DT-00238,HABIBU MOH'D TIJJANI,VALUE,,724207.49,724207.49
66,KD-DT-00238,HABIBU MOH'D TIJJANI,COMFORT,,979361.0,979361.0
67,KD-DT-00238,HABIBU MOH'D TIJJANI,Total,,2295260.4899999998,2295260.4899999998
68,KD-DT-00243,NEXT CASH and CARRY,LUXURY,,314097.0,314097.0
69,KD-DT-00243,NEXT CASH and CARRY,VALUE,,38654.49,38654.49
70,KD-DT-00243,NEXT CASH and CARRY,COMFORT,,584281.29,584281.29
71,KD-DT-00243,NEXT CASH and CARRY,Total,,937032.7800000001,937032.7800000001
72,KD-DT-00244,IBRAHIM YAHAYA,LUXURY,,136007.0,136007.0
73,KD-DT-00244,IBRAHIM YAHAYA,VALUE,,255554.46,255554.46
74,KD-DT-00244,IBRAHIM YAHAYA,COMFORT,,2618001.55,2618001.55
75,KD-DT-00244,IBRAHIM YAHAYA,Total,,3009563.01,3009563.01
76,KD-DT-00258,MAH OLANREWAJU,LUXURY,,245603.0,245603.0
77,KD-DT-00258,MAH OLANREWAJU,VALUE,,244178.03000000006,244178.03000000006
78,KD-DT-00258,MAH OLANREWAJU,COMFORT,,606888.5,606888.5
79,KD-DT-00258,MAH OLANREWAJU,Total,,1096669.5299999998,1096669.5299999998
80,KD-DT-00266,STARBIZ LYNK VENTURES,LUXURY,,14406628.48,14406628.48
81,KD-DT-00266,STARBIZ LYNK VENTURES,VALUE,,12817595.870000001,12817595.870000001
82,KD-DT-00266,STARBIZ LYNK VENTURES,COMFORT,,13226331.21,13226331.21
83,KD-DT-00266,STARBIZ LYNK VENTURES,Total,,40450555.56,40450555.56
84,KD-DT-00269,MUDIS MERIT VENT.(MUDASIRU ISHOLA NIG LTD (ABUJA)),COMFORT,,116743.0,116743.0
85,KD-DT-00269,MUDIS MERIT VENT.(MUDASIRU ISHOLA NIG LTD (ABUJA)),Total,,116743.0,116743.0
86,KD-DT-00272,FREDICO INTER NIG,VALUE,,1830343.49,1830343.49
87,KD-DT-00272,FREDICO INTER NIG,COMFORT,,229722.0,229722.0
88,KD-DT-00272,FREDICO INTER NIG,Total,,2060065.49,2060065.49
89,KD-DT-00273,IFAKA BROTHERS ENTERPRISES,VALUE,,343574.94,343574.94
90,KD-DT-00273,IFAKA BROTHERS ENTERPRISES,COMFORT,,561068.39,561068.39
91,KD-DT-00273,IFAKA BROTHERS ENTERPRISES,Total,,904643.3300000001,904643.3300000001
92,KD-DT-00275,YEMI BADEJO-WORKABLE,LUXURY,,5100203.0,5100203.0
93,KD-DT-00275,YEMI BADEJO-WORKABLE,VALUE,,2920906.4299999997,2920906.4299999997
94,KD-DT-00275,YEMI BADEJO-WORKABLE,COMFORT,,5329847.92,5329847.92
95,KD-DT-00275,YEMI BADEJO-WORKABLE,Total,,13350957.350000001,13350957.350000001
96,KD-DT-00277,ALHAJI YUNUSA MUHAMMAD & SONS (BORNO),VALUE,,2449035.7500000005,2449035.7500000005
97,KD-DT-00277,ALHAJI YUNUSA MUHAMMAD & SONS (BORNO),COMFORT,,381282.0,381282.0
98,KD-DT-00277,ALHAJI YUNUSA MUHAMMAD & SONS (BORNO),Total,,2830317.7500000005,2830317.7500000005
99,KD-DT-00287,MUDASSIR SIDI AMINU,VALUE,,446628.63,446628.63
100,KD-DT-00287,MUDASSIR SIDI AMINU,COMFORT,,659781.22,659781.22
101,KD-DT-00287,MUDASSIR SIDI AMINU,Total,,1106409.85,1106409.85
102,KD-DT-00290,IBRAHIM LABARAN AHMED GEN ENT.,LUXURY,,535472.0,535472.0
103,KD-DT-00290,IBRAHIM LABARAN AHMED GEN ENT.,VALUE,,2661373.84,2661373.84
104,KD-DT-00290,IBRAHIM LABARAN AHMED GEN ENT.,COMFORT,,2302391.3,2302391.3
105,KD-DT-00290,IBRAHIM LABARAN AHMED GEN ENT.,Total,,5499237.140000001,5499237.140000001
106,KD-DT-00291,USMAN MOHAMMED INVESTMENT,VALUE,,99134.91,99134.91
107,KD-DT-00291,USMAN MOHAMMED INVESTMENT,Total,,99134.91,99134.91
108,KD-DT-00295,CHARLES UMEBEH VENTURES,VALUE,,178915.80000000002,178915.80000000002
109,KD-DT-00295,CHARLES UMEBEH VENTURES,COMFORT,,134589.0,134589.0
110,KD-DT-00295,CHARLES UMEBEH VENTURES,Total,,313504.80000000005,313504.80000000005
111,KD-DT-00297,EDU TRIPPLE DON LTD,LUXURY,,3017500.0,3017500.0
112,KD-DT-00297,EDU TRIPPLE DON LTD,VALUE,,684813.1699999999,684813.1699999999
113,KD-DT-00297,EDU TRIPPLE DON LTD,COMFORT,,4761136.0,4761136.0
114,KD-DT-00297,EDU TRIPPLE DON LTD,Total,,8463449.17,8463449.17
115,KD-DT-00299,M. S. DANJUMA GENERAL ENTERPRISES,VALUE,,1175877.36,1175877.36
116,KD-DT-00299,M. S. DANJUMA GENERAL ENTERPRISES,COMFORT,,2437780.0,2437780.0
117,KD-DT-00299,M. S. DANJUMA GENERAL ENTERPRISES,Total,,3613657.36,3613657.36
118,KD-DT-00300,MAI KATIFA & SONS NIG,LUXURY,,257609.96000000002,257609.96000000002
119,KD-DT-00300,MAI KATIFA & SONS NIG,VALUE,,5015186.4,5015186.4
120,KD-DT-00300,MAI KATIFA & SONS NIG,COMFORT,,1012671.77,1012671.77
121,KD-DT-00300,MAI KATIFA & SONS NIG,Total,,6285468.13,6285468.13
122,KD-DT-00302,DAMADO HEALTH AND AGRO-ALLIED SERVICES,LUXURY,,650121.0,650121.0
123,KD-DT-00302,DAMADO HEALTH AND AGRO-ALLIED SERVICES,COMFORT,,1972241.41,1972241.41
124,KD-DT-00302,DAMADO HEALTH AND AGRO-ALLIED SERVICES,Total,,2622362.41,2622362.41
125,KD-DT-00303,MABROS STORES NIG. ENTERPRISES,VALUE,,906034.5,906034.5
126,KD-DT-00303,MABROS STORES NIG. ENTERPRISES,COMFORT,,312234.0,312234.0
127,KD-DT-00303,MABROS STORES NIG. ENTERPRISES,Total,,1218268.5,1218268.5
128,KD-DT-00304,GALADIMA GENERAL MERCHANDISE,VALUE,,334040.70000000007,334040.70000000007
129,KD-DT-00304,GALADIMA GENERAL MERCHANDISE,Total,,334040.70000000007,334040.70000000007
130,KD-DT-00305,MEKUS & SONS ENT.,VALUE,,2216133.5999999996,2216133.5999999996
131,KD-DT-00305,MEKUS & SONS ENT.,COMFORT,,955735.0,955735.0
132,KD-DT-00305,MEKUS & SONS ENT.,Total,,3171868.599999999,3171868.599999999
133,KD-DT-00306,JAFARTU LTD,LUXURY,,1066384.0,1066384.0
134,KD-DT-00306,JAFARTU LTD,VALUE,,10495228.1,10495228.1
135,KD-DT-00306,JAFARTU LTD,COMFORT,,928064.0,928064.0
136,KD-DT-00306,JAFARTU LTD,Total,,12489676.099999998,12489676.099999998
137,KD-DT-00309,GEMKOL RESOURCES LTD,COMFORT,,96217.0,96217.0
138,KD-DT-00309,GEMKOL RESOURCES LTD,Total,,96217.0,96217.0
139,KD-DT-00316,THERMOS KONSULT NIG LTD,LUXURY,,123148.0,123148.0
140,KD-DT-00316,THERMOS KONSULT NIG LTD,VALUE,,408782.8599999999,408782.8599999999
141,KD-DT-00316,THERMOS KONSULT NIG LTD,COMFORT,,885755.16,885755.16
142,KD-DT-00316,THERMOS KONSULT NIG LTD,Total,,1417686.02,1417686.02
143,KD-DT-00317,AMAINO GLOBAL SERVICES,VALUE,,1633596.3,1633596.3
144,KD-DT-00317,AMAINO GLOBAL SERVICES,Total,,1633596.3,1633596.3
145,KD-DT-00318,FATMAX GLOBAL VENTURE LTD,LUXURY,,3403147.0,3403147.0
146,KD-DT-00318,FATMAX GLOBAL VENTURE LTD,VALUE,,550830.63,550830.63
147,KD-DT-00318,FATMAX GLOBAL VENTURE LTD,COMFORT,,1224456.0,1224456.0
148,KD-DT-00318,FATMAX GLOBAL VENTURE LTD,Total,,5178433.63,5178433.63
149,KD-DT-00321,ADALIGHT VENTURES,VALUE,,392952.3300000001,392952.3300000001
150,KD-DT-00321,ADALIGHT VENTURES,COMFORT,,538691.5,538691.5
151,KD-DT-00321,ADALIGHT VENTURES,Total,,931643.83,931643.83
152,KD-DT-00322,AMAINO GLOBAL SERVICES,LUXURY,,1544921.0,1544921.0
153,KD-DT-00322,AMAINO GLOBAL SERVICES,VALUE,,403412.23,403412.23
154,KD-DT-00322,AMAINO GLOBAL SERVICES,COMFORT,,978259.9,978259.9
155,KD-DT-00322,AMAINO GLOBAL SERVICES,Total,,2926593.13,2926593.13
156,KD-DT-00324,WORKABLE DIMENSIONS NIGERIA LIMITED,LUXURY,,3709072.62,3709072.62
157,KD-DT-00324,WORKABLE DIMENSIONS NIGERIA LIMITED,VALUE,,4809718.640000001,4809718.640000001
158,KD-DT-00324,WORKABLE DIMENSIONS NIGERIA LIMITED,COMFORT,,4450975.0,4450975.0
159,KD-DT-00324,WORKABLE DIMENSIONS NIGERIA LIMITED,Total,,12969766.259999998,12969766.259999998
160,KD-DT-00325,U M MARKE FARMS NIG ENTERPRISES,VALUE,,52912.02,52912.02
161,KD-DT-00325,U M MARKE FARMS NIG ENTERPRISES,Total,,52912.02,52912.02
162,KD-DT-00327,AMAK'S INTEGRATED CONCEPT ENTERPRISES,VALUE,,997546.2,997546.2
163,KD-DT-00327,AMAK'S INTEGRATED CONCEPT ENTERPRISES,COMFORT,,7506.0,7506.0
164,KD-DT-00327,AMAK'S INTEGRATED CONCEPT ENTERPRISES,Total,,1005052.2,1005052.2
165,KD-DT-00328,WAKASO INTEGRATED SERVICES LIMITED,LUXURY,,874987.0,874987.0
166,KD-DT-00328,WAKASO INTEGRATED SERVICES LIMITED,VALUE,,299129.91,299129.91
167,KD-DT-00328,WAKASO INTEGRATED SERVICES LIMITED,COMFORT,,671584.6,671584.6
168,KD-DT-00328,WAKASO INTEGRATED SERVICES LIMITED,Total,,1845701.5100000002,1845701.5100000002
169,LA-CR-3035,GRAND PRODUCTS COMPANY LIMITED,COMFORT,,259051.78999999998,259051.78999999998
170,LA-CR-3035,GRAND PRODUCTS COMPANY LIMITED,Total,,259051.78999999998,259051.78999999998
171,Total,,,,276421138.85999995,276421138.85999995
