,Customer No,Customer Name,SKU Category,Month-Year,2019-05-01 00:00:00,Total
0,BN-DT-00219,ONONIVAMI NIG LTD,COMFORT,,744894.0,744894.0
1,BN-DT-00219,ONONIVAMI NIG LTD,Total,,744894.0,744894.0
2,KD-DT-00004,YEMI BADEJO AND SONS (KADUNA),LUXURY,,626479.0,626479.0
3,KD-DT-00004,YEMI BADEJO AND SONS (KADUNA),VALUE,,933496.2,933496.2
4,KD-DT-00004,YEMI BADEJO AND SONS (KADUNA),COMFORT,,646992.0,646992.0
5,KD-DT-00004,YEMI BADEJO AND SONS (KADUNA),Total,,2206967.2,2206967.2
6,KD-DT-00007,DIVINE LIFT PRIME INDUSTRY LTD.,LUXURY,,207772.0,207772.0
7,KD-DT-00007,DIVINE LIFT PRIME INDUSTRY LTD.,VALUE,,754567.7999999999,754567.7999999999
8,KD-DT-00007,DIVINE LIFT PRIME INDUSTRY LTD.,COMFORT,,778795.0,778795.0
9,KD-DT-00007,DIVINE LIFT PRIME INDUSTRY LTD.,Total,,1741134.7999999998,1741134.7999999998
10,KD-DT-00008,ASWEST LIMITED (NIGER),LUXURY,,1253770.0,1253770.0
11,KD-DT-00008,ASWEST LIMITED (NIGER),VALUE,,2109444.4000000004,2109444.4000000004
12,KD-DT-00008,ASWEST LIMITED (NIGER),COMFORT,,1950953.0,1950953.0
13,KD-DT-00008,ASWEST LIMITED (NIGER),Total,,5314167.4,5314167.4
14,KD-DT-00019,C.C.IKEGWUONO NIGERIA ENT. (PLATEAU),LUXURY,,226800.0,226800.0
15,KD-DT-00019,C.C.IKEGWUONO NIGERIA ENT. (PLATEAU),VALUE,,669473.19,669473.19
16,KD-DT-00019,C.C.IKEGWUONO NIGERIA ENT. (PLATEAU),COMFORT,,389858.0,389858.0
17,KD-DT-00019,C.C.IKEGWUONO NIGERIA ENT. (PLATEAU),Total,,1286131.19,1286131.19
18,KD-DT-00021,TOPMOST GLORY (ABUJA),VALUE,,219378.28999999998,219378.28999999998
19,KD-DT-00021,TOPMOST GLORY (ABUJA),COMFORT,,1189308.0,1189308.0
20,KD-DT-00021,TOPMOST GLORY (ABUJA),Total,,1408686.29,1408686.29
21,KD-DT-00025,EDU INTERCONTINENTAL VEN.NIG.LTD,LUXURY,,832959.0,832959.0
22,KD-DT-00025,EDU INTERCONTINENTAL VEN.NIG.LTD,VALUE,,7888892.169999998,7888892.169999998
23,KD-DT-00025,EDU INTERCONTINENTAL VEN.NIG.LTD,COMFORT,,2748314.0,2748314.0
24,KD-DT-00025,EDU INTERCONTINENTAL VEN.NIG.LTD,Total,,11470165.169999998,11470165.169999998
25,KD-DT-00034,ON-JUST FOUNDATION (BAUCHI),VALUE,,1664548.7000000002,1664548.7000000002
26,KD-DT-00034,ON-JUST FOUNDATION (BAUCHI),COMFORT,,1301910.3399999999,1301910.3399999999
27,KD-DT-00034,ON-JUST FOUNDATION (BAUCHI),Total,,2966459.04,2966459.04
28,KD-DT-00061,JOBROS NIG. LIMITED (BENUE),COMFORT,,517178.61,517178.61
29,KD-DT-00061,JOBROS NIG. LIMITED (BENUE),Total,,517178.61,517178.61
30,KD-DT-00067,TIMADET,VALUE,,2397323.29,2397323.29
31,KD-DT-00067,TIMADET,COMFORT,,1324505.7,1324505.7
32,KD-DT-00067,TIMADET,Total,,3721828.9899999993,3721828.9899999993
33,KD-DT-00069,CANOPY GROUP,LUXURY,,2265100.0,2265100.0
34,KD-DT-00069,CANOPY GROUP,VALUE,,678492.7,678492.7
35,KD-DT-00069,CANOPY GROUP,COMFORT,,1291107.5,1291107.5
36,KD-DT-00069,CANOPY GROUP,Total,,4234700.2,4234700.2
37,KD-DT-00076,ALH. MANSIR ABDU KATSINA,VALUE,,1235493.0,1235493.0
38,KD-DT-00076,ALH. MANSIR ABDU KATSINA,Total,,1235493.0,1235493.0
39,KD-DT-00107,MESSRS O. ISAACS LTD.,LUXURY,,16440111.0,16440111.0
40,KD-DT-00107,MESSRS O. ISAACS LTD.,VALUE,,9825833.300000003,9825833.300000003
41,KD-DT-00107,MESSRS O. ISAACS LTD.,COMFORT,,21858428.61,21858428.61
42,KD-DT-00107,MESSRS O. ISAACS LTD.,Total,,48124372.91000001,48124372.91000001
43,KD-DT-00162,ST. JUDE INTERNATIONAL CO.,VALUE,,1105891.42,1105891.42
44,KD-DT-00162,ST. JUDE INTERNATIONAL CO.,COMFORT,,351416.0,351416.0
45,KD-DT-00162,ST. JUDE INTERNATIONAL CO.,Total,,1457307.42,1457307.42
46,KD-DT-00220,NURA AHMED CD & SONs,VALUE,,21964.95,21964.95
47,KD-DT-00220,NURA AHMED CD & SONs,COMFORT,,90066.0,90066.0
48,KD-DT-00220,NURA AHMED CD & SONs,Total,,112030.95,112030.95
49,KD-DT-00228,NI'IMA ENTERPRISES,LUXURY,,844590.0,844590.0
50,KD-DT-00228,NI'IMA ENTERPRISES,VALUE,,1498265.1500000001,1498265.1500000001
51,KD-DT-00228,NI'IMA ENTERPRISES,COMFORT,,1930712.82,1930712.82
52,KD-DT-00228,NI'IMA ENTERPRISES,Total,,4273567.97,4273567.97
53,KD-DT-00231,AMAINO GLOBAL SERVICES (GOMBE),LUXURY,,1866930.0,1866930.0
54,KD-DT-00231,AMAINO GLOBAL SERVICES (GOMBE),VALUE,,645428.7,645428.7
55,KD-DT-00231,AMAINO GLOBAL SERVICES (GOMBE),COMFORT,,3529063.48,3529063.48
56,KD-DT-00231,AMAINO GLOBAL SERVICES (GOMBE),Total,,6041422.180000001,6041422.180000001
57,KD-DT-00238,HABIBU MOH'D TIJJANI,LUXURY,,144647.0,144647.0
58,KD-DT-00238,HABIBU MOH'D TIJJANI,VALUE,,525702.88,525702.88
59,KD-DT-00238,HABIBU MOH'D TIJJANI,COMFORT,,470676.0,470676.0
60,KD-DT-00238,HABIBU MOH'D TIJJANI,Total,,1141025.88,1141025.88
61,KD-DT-00244,IBRAHIM YAHAYA,LUXURY,,367871.0,367871.0
62,KD-DT-00244,IBRAHIM YAHAYA,VALUE,,366659.39,366659.39
63,KD-DT-00244,IBRAHIM YAHAYA,COMFORT,,557490.03,557490.03
64,KD-DT-00244,IBRAHIM YAHAYA,Total,,1292020.42,1292020.42
65,KD-DT-00258,MAH OLANREWAJU,LUXURY,,84167.0,84167.0
66,KD-DT-00258,MAH OLANREWAJU,VALUE,,36312.68,36312.68
67,KD-DT-00258,MAH OLANREWAJU,COMFORT,,81060.0,81060.0
68,KD-DT-00258,MAH OLANREWAJU,Total,,201539.68,201539.68
69,KD-DT-00266,STARBIZ LYNK VENTURES,LUXURY,,10638989.66,10638989.66
70,KD-DT-00266,STARBIZ LYNK VENTURES,VALUE,,2830920.91,2830920.91
71,KD-DT-00266,STARBIZ LYNK VENTURES,COMFORT,,5587423.81,5587423.81
72,KD-DT-00266,STARBIZ LYNK VENTURES,Total,,19057334.38,19057334.38
73,KD-DT-00269,MUDIS MERIT VENT.(MUDASIRU ISHOLA NIG LTD (ABUJA)),COMFORT,,169176.0,169176.0
74,KD-DT-00269,MUDIS MERIT VENT.(MUDASIRU ISHOLA NIG LTD (ABUJA)),Total,,169176.0,169176.0
75,KD-DT-00273,IFAKA BROTHERS ENTERPRISES,LUXURY,,47548.0,47548.0
76,KD-DT-00273,IFAKA BROTHERS ENTERPRISES,VALUE,,564410.96,564410.96
77,KD-DT-00273,IFAKA BROTHERS ENTERPRISES,COMFORT,,436742.39,436742.39
78,KD-DT-00273,IFAKA BROTHERS ENTERPRISES,Total,,1048701.35,1048701.35
79,KD-DT-00275,YEMI BADEJO-WORKABLE,LUXURY,,5637812.98,5637812.98
80,KD-DT-00275,YEMI BADEJO-WORKABLE,VALUE,,2732618.39,2732618.39
81,KD-DT-00275,YEMI BADEJO-WORKABLE,COMFORT,,4618032.64,4618032.64
82,KD-DT-00275,YEMI BADEJO-WORKABLE,Total,,12988464.010000002,12988464.010000002
83,KD-DT-00286,ULTIMATE STORES,VALUE,,185338.55,185338.55
84,KD-DT-00286,ULTIMATE STORES,COMFORT,,474475.5,474475.5
85,KD-DT-00286,ULTIMATE STORES,Total,,659814.05,659814.05
86,KD-DT-00287,MUDASSIR SIDI AMINU,LUXURY,,90720.0,90720.0
87,KD-DT-00287,MUDASSIR SIDI AMINU,COMFORT,,377610.32,377610.32
88,KD-DT-00287,MUDASSIR SIDI AMINU,Total,,468330.32,468330.32
89,KD-DT-00290,IBRAHIM LABARAN AHMED GEN ENT.,VALUE,,2740023.33,2740023.33
90,KD-DT-00290,IBRAHIM LABARAN AHMED GEN ENT.,COMFORT,,2633390.59,2633390.59
91,KD-DT-00290,IBRAHIM LABARAN AHMED GEN ENT.,Total,,5373413.92,5373413.92
92,KD-DT-00295,CHARLES UMEBEH VENTURES,VALUE,,456626.2100000001,456626.2100000001
93,KD-DT-00295,CHARLES UMEBEH VENTURES,COMFORT,,114547.0,114547.0
94,KD-DT-00295,CHARLES UMEBEH VENTURES,Total,,571173.21,571173.21
95,KD-DT-00297,EDU TRIPPLE DON LTD,LUXURY,,1544974.0,1544974.0
96,KD-DT-00297,EDU TRIPPLE DON LTD,VALUE,,2421413.0500000003,2421413.0500000003
97,KD-DT-00297,EDU TRIPPLE DON LTD,COMFORT,,691316.0,691316.0
98,KD-DT-00297,EDU TRIPPLE DON LTD,Total,,4657703.049999999,4657703.049999999
99,KD-DT-00298,C.C. EMEH AND SONS NIG LTD,VALUE,,45759.0,45759.0
100,KD-DT-00298,C.C. EMEH AND SONS NIG LTD,Total,,45759.0,45759.0
101,KD-DT-00299,M. S. DANJUMA GENERAL ENTERPRISES,VALUE,,1475336.1,1475336.1
102,KD-DT-00299,M. S. DANJUMA GENERAL ENTERPRISES,Total,,1475336.1,1475336.1
103,KD-DT-00300,MAI KATIFA & SONS NIG,LUXURY,,51044.98,51044.98
104,KD-DT-00300,MAI KATIFA & SONS NIG,VALUE,,4159496.25,4159496.25
105,KD-DT-00300,MAI KATIFA & SONS NIG,COMFORT,,958447.15,958447.15
106,KD-DT-00300,MAI KATIFA & SONS NIG,Total,,5168988.38,5168988.38
107,KD-DT-00302,DAMADO HEALTH AND AGRO-ALLIED SERVICES,LUXURY,,848236.0,848236.0
108,KD-DT-00302,DAMADO HEALTH AND AGRO-ALLIED SERVICES,VALUE,,166894.37,166894.37
109,KD-DT-00302,DAMADO HEALTH AND AGRO-ALLIED SERVICES,COMFORT,,2266254.0600000005,2266254.0600000005
110,KD-DT-00302,DAMADO HEALTH AND AGRO-ALLIED SERVICES,Total,,3281384.43,3281384.43
111,KD-DT-00303,MABROS STORES NIG. ENTERPRISES,VALUE,,997552.5,997552.5
112,KD-DT-00303,MABROS STORES NIG. ENTERPRISES,Total,,997552.5,997552.5
113,KD-DT-00304,GALADIMA GENERAL MERCHANDISE,VALUE,,137839.8,137839.8
114,KD-DT-00304,GALADIMA GENERAL MERCHANDISE,Total,,137839.8,137839.8
115,KD-DT-00305,MEKUS & SONS ENT.,VALUE,,1543135.23,1543135.23
116,KD-DT-00305,MEKUS & SONS ENT.,COMFORT,,413954.0,413954.0
117,KD-DT-00305,MEKUS & SONS ENT.,Total,,1957089.23,1957089.23
118,KD-DT-00306,JAFARTU LTD,LUXURY,,631363.0,631363.0
119,KD-DT-00306,JAFARTU LTD,VALUE,,8358420.150000001,8358420.150000001
120,KD-DT-00306,JAFARTU LTD,COMFORT,,1776257.0,1776257.0
121,KD-DT-00306,JAFARTU LTD,Total,,10766040.150000002,10766040.150000002
122,KD-DT-00316,THERMOS KONSULT NIG LTD,VALUE,,295598.74,295598.74
123,KD-DT-00316,THERMOS KONSULT NIG LTD,COMFORT,,298322.31,298322.31
124,KD-DT-00316,THERMOS KONSULT NIG LTD,Total,,593921.05,593921.05
125,KD-DT-00318,FATMAX GLOBAL VENTURE LTD,VALUE,,2600507.62,2600507.62
126,KD-DT-00318,FATMAX GLOBAL VENTURE LTD,COMFORT,,2083092.0,2083092.0
127,KD-DT-00318,FATMAX GLOBAL VENTURE LTD,Total,,4683599.619999999,4683599.619999999
128,KD-DT-00321,ADALIGHT VENTURES,VALUE,,127216.53000000026,127216.53000000026
129,KD-DT-00321,ADALIGHT VENTURES,COMFORT,,495137.0,495137.0
130,KD-DT-00321,ADALIGHT VENTURES,Total,,622353.5300000003,622353.5300000003
131,KD-DT-00324,WORKABLE DIMENSIONS NIGERIA LIMITED,LUXURY,,1620073.76,1620073.76
132,KD-DT-00324,WORKABLE DIMENSIONS NIGERIA LIMITED,VALUE,,9770991.930000002,9770991.930000002
133,KD-DT-00324,WORKABLE DIMENSIONS NIGERIA LIMITED,COMFORT,,1871579.28,1871579.28
134,KD-DT-00324,WORKABLE DIMENSIONS NIGERIA LIMITED,Total,,13262644.970000003,13262644.970000003
135,KD-DT-00325,U M MARKE FARMS NIG ENTERPRISES,VALUE,,22879.5,22879.5
136,KD-DT-00325,U M MARKE FARMS NIG ENTERPRISES,Total,,22879.5,22879.5
137,KD-DT-00327,AMAK'S INTEGRATED CONCEPT ENTERPRISES,LUXURY,,907200.0,907200.0
138,KD-DT-00327,AMAK'S INTEGRATED CONCEPT ENTERPRISES,Total,,907200.0,907200.0
139,KD-DT-00328,WAKASO INTEGRATED SERVICES LIMITED,LUXURY,,654486.0,654486.0
140,KD-DT-00328,WAKASO INTEGRATED SERVICES LIMITED,VALUE,,311869.76,311869.76
141,KD-DT-00328,WAKASO INTEGRATED SERVICES LIMITED,COMFORT,,1683109.27,1683109.27
142,KD-DT-00328,WAKASO INTEGRATED SERVICES LIMITED,Total,,2649465.0299999993,2649465.0299999993
143,Total,,,,191057256.87999988,191057256.87999988
