,Customer No,Customer Name,SKU Category,Month-Year,2018-11-01 00:00:00,Total
0,KD-DT-00004,YEMI BADEJO AND SONS (KADUNA),LUXURY,,103680.0,103680.0
1,KD-DT-00004,YEMI BADEJO AND SONS (KADUNA),VALUE,,1036363.56,1036363.56
2,KD-DT-00004,YEMI BADEJO AND SONS (KADUNA),COMFORT,,267693.86,267693.86
3,KD-DT-00004,YEMI BADEJO AND SONS (KADUNA),Total,,1407737.42,1407737.42
4,KD-DT-00007,DIVINE LIFT PRIME INDUSTRY LTD.,LUXURY,,38880.0,38880.0
5,KD-DT-00007,DIVINE LIFT PRIME INDUSTRY LTD.,VALUE,,945826.77,945826.77
6,KD-DT-00007,DIVINE LIFT PRIME INDUSTRY LTD.,COMFORT,,529810.0,529810.0
7,KD-DT-00007,DIVINE LIFT PRIME INDUSTRY LTD.,Total,,1514516.77,1514516.77
8,KD-DT-00008,ASWEST LIMITED (NIGER),LUXURY,,1280405.0,1280405.0
9,KD-DT-00008,ASWEST LIMITED (NIGER),VALUE,,2030010.2,2030010.2
10,KD-DT-00008,ASWEST LIMITED (NIGER),COMFORT,,4447607.83,4447607.83
11,KD-DT-00008,ASWEST LIMITED (NIGER),Total,,7758023.030000001,7758023.030000001
12,KD-DT-00009,ASAD INVESTMENT (KADUNA),VALUE,,216438.59999999998,216438.59999999998
13,KD-DT-00009,ASAD INVESTMENT (KADUNA),COMFORT,,762996.4400000001,762996.4400000001
14,KD-DT-00009,ASAD INVESTMENT (KADUNA),Total,,979435.04,979435.04
15,KD-DT-00010,FID JOE BEDDINGS,COMFORT,,78205.0,78205.0
16,KD-DT-00010,FID JOE BEDDINGS,Total,,78205.0,78205.0
17,KD-DT-00019,C.C.IKEGWUONO NIGERIA ENT. (PLATEAU),LUXURY,,1036508.0,1036508.0
18,KD-DT-00019,C.C.IKEGWUONO NIGERIA ENT. (PLATEAU),VALUE,,1656275.49,1656275.49
19,KD-DT-00019,C.C.IKEGWUONO NIGERIA ENT. (PLATEAU),COMFORT,,1397167.77,1397167.77
20,KD-DT-00019,C.C.IKEGWUONO NIGERIA ENT. (PLATEAU),Total,,4089951.2600000002,4089951.2600000002
21,KD-DT-00021,TOPMOST GLORY (ABUJA),LUXURY,,969711.0,969711.0
22,KD-DT-00021,TOPMOST GLORY (ABUJA),VALUE,,150798.69,150798.69
23,KD-DT-00021,TOPMOST GLORY (ABUJA),COMFORT,,1248785.66,1248785.66
24,KD-DT-00021,TOPMOST GLORY (ABUJA),Total,,2369295.3499999996,2369295.3499999996
25,KD-DT-00025,EDU INTERCONTINENTAL VEN.NIG.LTD,LUXURY,,1017287.0,1017287.0
26,KD-DT-00025,EDU INTERCONTINENTAL VEN.NIG.LTD,VALUE,,5966392.1099999985,5966392.1099999985
27,KD-DT-00025,EDU INTERCONTINENTAL VEN.NIG.LTD,COMFORT,,3862984.7199999997,3862984.7199999997
28,KD-DT-00025,EDU INTERCONTINENTAL VEN.NIG.LTD,Total,,10846663.830000004,10846663.830000004
29,KD-DT-00034,ON-JUST FOUNDATION (BAUCHI),VALUE,,2047188.9799999997,2047188.9799999997
30,KD-DT-00034,ON-JUST FOUNDATION (BAUCHI),COMFORT,,995013.7899999999,995013.7899999999
31,KD-DT-00034,ON-JUST FOUNDATION (BAUCHI),Total,,3042202.77,3042202.77
32,KD-DT-00053,ALHAJI YUNUSA MUHAMMED & SONS (GOMBE),VALUE,,6955513.45,6955513.45
33,KD-DT-00053,ALHAJI YUNUSA MUHAMMED & SONS (GOMBE),COMFORT,,1055811.72,1055811.72
34,KD-DT-00053,ALHAJI YUNUSA MUHAMMED & SONS (GOMBE),Total,,8011325.169999999,8011325.169999999
35,KD-DT-00067,TIMADET,LUXURY,,93596.0,93596.0
36,KD-DT-00067,TIMADET,VALUE,,63952.99,63952.99
37,KD-DT-00067,TIMADET,COMFORT,,86902.85,86902.85
38,KD-DT-00067,TIMADET,Total,,244451.84,244451.84
39,KD-DT-00069,CANOPY GROUP,LUXURY,,1597670.0,1597670.0
40,KD-DT-00069,CANOPY GROUP,VALUE,,1870914.37,1870914.37
41,KD-DT-00069,CANOPY GROUP,COMFORT,,2942572.59,2942572.59
42,KD-DT-00069,CANOPY GROUP,Total,,6411156.959999999,6411156.959999999
43,KD-DT-00077,IKENNA MGBIKE (GBOKO),LUXURY,,325055.0,325055.0
44,KD-DT-00077,IKENNA MGBIKE (GBOKO),COMFORT,,130318.22,130318.22
45,KD-DT-00077,IKENNA MGBIKE (GBOKO),Total,,455373.22,455373.22
46,KD-DT-00107,MESSRS O. ISAACS LTD.,LUXURY,,10899697.200000001,10899697.200000001
47,KD-DT-00107,MESSRS O. ISAACS LTD.,VALUE,,11991591.060000008,11991591.060000008
48,KD-DT-00107,MESSRS O. ISAACS LTD.,COMFORT,,15865803.94,15865803.94
49,KD-DT-00107,MESSRS O. ISAACS LTD.,Total,,38757092.20000001,38757092.20000001
50,KD-DT-00141,MUKTAR RABI ENTERPRISES(08030775540),LUXURY,,221036.0,221036.0
51,KD-DT-00141,MUKTAR RABI ENTERPRISES(08030775540),VALUE,,23194.92,23194.92
52,KD-DT-00141,MUKTAR RABI ENTERPRISES(08030775540),COMFORT,,118652.0,118652.0
53,KD-DT-00141,MUKTAR RABI ENTERPRISES(08030775540),Total,,362882.92,362882.92
54,KD-DT-00163,A.U.B & Sons,VALUE,,1617643.6500000001,1617643.6500000001
55,KD-DT-00163,A.U.B & Sons,Total,,1617643.6500000001,1617643.6500000001
56,KD-DT-00220,NURA AHMED CD & SONs,VALUE,,308100.87,308100.87
57,KD-DT-00220,NURA AHMED CD & SONs,COMFORT,,45520.65,45520.65
58,KD-DT-00220,NURA AHMED CD & SONs,Total,,353621.51999999996,353621.51999999996
59,KD-DT-00228,NI'IMA ENTERPRISES,VALUE,,10333898.750000002,10333898.750000002
60,KD-DT-00228,NI'IMA ENTERPRISES,COMFORT,,154359.86,154359.86
61,KD-DT-00228,NI'IMA ENTERPRISES,Total,,10488258.610000001,10488258.610000001
62,KD-DT-00231,AMAINO GLOBAL SERVICES (GOMBE),VALUE,,2469157.95,2469157.95
63,KD-DT-00231,AMAINO GLOBAL SERVICES (GOMBE),Total,,2469157.95,2469157.95
64,KD-DT-00236,BATURE MADU UMAR,VALUE,,320313.0,320313.0
65,KD-DT-00236,BATURE MADU UMAR,Total,,320313.0,320313.0
66,KD-DT-00238,HABIBU MOH'D TIJJANI,VALUE,,213687.09,213687.09
67,KD-DT-00238,HABIBU MOH'D TIJJANI,COMFORT,,154359.86,154359.86
68,KD-DT-00238,HABIBU MOH'D TIJJANI,Total,,368046.94999999995,368046.94999999995
69,KD-DT-00244,IBRAHIM YAHAYA,VALUE,,721119.9599999998,721119.9599999998
70,KD-DT-00244,IBRAHIM YAHAYA,COMFORT,,824931.0,824931.0
71,KD-DT-00244,IBRAHIM YAHAYA,Total,,1546050.9599999997,1546050.9599999997
72,KD-DT-00266,STARBIZ LYNK VENTURES,LUXURY,,8107053.09,8107053.09
73,KD-DT-00266,STARBIZ LYNK VENTURES,VALUE,,1186189.9700000002,1186189.9700000002
74,KD-DT-00266,STARBIZ LYNK VENTURES,COMFORT,,2681937.02,2681937.02
75,KD-DT-00266,STARBIZ LYNK VENTURES,Total,,11975180.08,11975180.08
76,KD-DT-00269,MUDIS MERIT VENT.(MUDASIRU ISHOLA NIG LTD (ABUJA)),COMFORT,,87530.0,87530.0
77,KD-DT-00269,MUDIS MERIT VENT.(MUDASIRU ISHOLA NIG LTD (ABUJA)),Total,,87530.0,87530.0
78,KD-DT-00272,FREDICO INTER NIG,VALUE,,1134427.32,1134427.32
79,KD-DT-00272,FREDICO INTER NIG,COMFORT,,414276.0,414276.0
80,KD-DT-00272,FREDICO INTER NIG,Total,,1548703.32,1548703.32
81,KD-DT-00273,IFAKA BROTHERS ENTERPRISES,VALUE,,307547.76,307547.76
82,KD-DT-00273,IFAKA BROTHERS ENTERPRISES,COMFORT,,606950.0,606950.0
83,KD-DT-00273,IFAKA BROTHERS ENTERPRISES,Total,,914497.76,914497.76
84,KD-DT-00275,YEMI BADEJO-WORKABLE,LUXURY,,4089762.9200000004,4089762.9200000004
85,KD-DT-00275,YEMI BADEJO-WORKABLE,VALUE,,6948863.330000001,6948863.330000001
86,KD-DT-00275,YEMI BADEJO-WORKABLE,COMFORT,,7231169.24,7231169.24
87,KD-DT-00275,YEMI BADEJO-WORKABLE,Total,,18269795.49,18269795.49
88,KD-DT-00277,ALHAJI YUNUSA MUHAMMAD & SONS (BORNO),LUXURY,,187192.0,187192.0
89,KD-DT-00277,ALHAJI YUNUSA MUHAMMAD & SONS (BORNO),VALUE,,4842745.95,4842745.95
90,KD-DT-00277,ALHAJI YUNUSA MUHAMMAD & SONS (BORNO),Total,,5029937.95,5029937.95
91,KD-DT-00282,CHARLES UBOSIOGU UBANNA,VALUE,,125199.39,125199.39
92,KD-DT-00282,CHARLES UBOSIOGU UBANNA,COMFORT,,694002.0499999999,694002.0499999999
93,KD-DT-00282,CHARLES UBOSIOGU UBANNA,Total,,819201.44,819201.44
94,KD-DT-00290,IBRAHIM LABARAN AHMED GEN ENT.,LUXURY,,46419.0,46419.0
95,KD-DT-00290,IBRAHIM LABARAN AHMED GEN ENT.,VALUE,,3767205.11,3767205.11
96,KD-DT-00290,IBRAHIM LABARAN AHMED GEN ENT.,COMFORT,,2213624.8600000003,2213624.8600000003
97,KD-DT-00290,IBRAHIM LABARAN AHMED GEN ENT.,Total,,6027248.97,6027248.97
98,KD-DT-00291,USMAN MOHAMMED INVESTMENT,VALUE,,1527500.48,1527500.48
99,KD-DT-00291,USMAN MOHAMMED INVESTMENT,Total,,1527500.48,1527500.48
100,KD-DT-00296,PRECIOUS CARPETS AND INTERIOR DECORATIONS LTD,LUXURY,,1269099.98,1269099.98
101,KD-DT-00296,PRECIOUS CARPETS AND INTERIOR DECORATIONS LTD,VALUE,,207924.78999999998,207924.78999999998
102,KD-DT-00296,PRECIOUS CARPETS AND INTERIOR DECORATIONS LTD,COMFORT,,1260860.04,1260860.04
103,KD-DT-00296,PRECIOUS CARPETS AND INTERIOR DECORATIONS LTD,Total,,2737884.8099999996,2737884.8099999996
104,KD-DT-00297,EDU TRIPPLE DON LTD,LUXURY,,557280.0,557280.0
105,KD-DT-00297,EDU TRIPPLE DON LTD,VALUE,,73214.4,73214.4
106,KD-DT-00297,EDU TRIPPLE DON LTD,COMFORT,,737259.86,737259.86
107,KD-DT-00297,EDU TRIPPLE DON LTD,Total,,1367754.2599999998,1367754.2599999998
108,KD-DT-00299,M. S. DANJUMA GENERAL ENTERPRISES,VALUE,,3526042.22,3526042.22
109,KD-DT-00299,M. S. DANJUMA GENERAL ENTERPRISES,COMFORT,,688630.19,688630.19
110,KD-DT-00299,M. S. DANJUMA GENERAL ENTERPRISES,Total,,4214672.41,4214672.41
111,KD-DT-00300,MAI KATIFA & SONS NIG,LUXURY,,436579.98,436579.98
112,KD-DT-00300,MAI KATIFA & SONS NIG,VALUE,,1779228.3599999999,1779228.3599999999
113,KD-DT-00300,MAI KATIFA & SONS NIG,COMFORT,,1029579.2200000001,1029579.2200000001
114,KD-DT-00300,MAI KATIFA & SONS NIG,Total,,3245387.56,3245387.56
115,KD-DT-00305,MEKUS & SONS ENT.,VALUE,,3623593.9399999995,3623593.9399999995
116,KD-DT-00305,MEKUS & SONS ENT.,COMFORT,,738692.0,738692.0
117,KD-DT-00305,MEKUS & SONS ENT.,Total,,4362285.939999999,4362285.939999999
118,KD-DT-00306,JAFARTU LTD,LUXURY,,64800.0,64800.0
119,KD-DT-00306,JAFARTU LTD,VALUE,,5752191.059999999,5752191.059999999
120,KD-DT-00306,JAFARTU LTD,COMFORT,,1085333.72,1085333.72
121,KD-DT-00306,JAFARTU LTD,Total,,6902324.7799999975,6902324.7799999975
122,KD-DT-00308,ROSY ANGELS ASSOCIATES LTD (ABUJA),LUXURY,,1061516.0,1061516.0
123,KD-DT-00308,ROSY ANGELS ASSOCIATES LTD (ABUJA),VALUE,,46378.71,46378.71
124,KD-DT-00308,ROSY ANGELS ASSOCIATES LTD (ABUJA),COMFORT,,177881.0,177881.0
125,KD-DT-00308,ROSY ANGELS ASSOCIATES LTD (ABUJA),Total,,1285775.71,1285775.71
126,KD-DT-00310,CHEBBY GLOBAL VENTURE LTD,COMFORT,,45033.0,45033.0
127,KD-DT-00310,CHEBBY GLOBAL VENTURE LTD,Total,,45033.0,45033.0
128,KD-DT-00312,EJIKE ENTERPRISES,VALUE,,388565.04000000004,388565.04000000004
129,KD-DT-00312,EJIKE ENTERPRISES,COMFORT,,87530.0,87530.0
130,KD-DT-00312,EJIKE ENTERPRISES,Total,,476095.04,476095.04
131,KD-DT-00316,THERMOS KONSULT NIG LTD,LUXURY,,177157.83000000002,177157.83000000002
132,KD-DT-00316,THERMOS KONSULT NIG LTD,VALUE,,82366.2,82366.2
133,KD-DT-00316,THERMOS KONSULT NIG LTD,COMFORT,,70933.05,70933.05
134,KD-DT-00316,THERMOS KONSULT NIG LTD,Total,,330457.08,330457.08
135,KD-DT-00317,AMAINO GLOBAL SERVICES,VALUE,,2539624.5,2539624.5
136,KD-DT-00317,AMAINO GLOBAL SERVICES,Total,,2539624.5,2539624.5
137,KD-DT-00318,FATMAX GLOBAL VENTURE LTD,LUXURY,,2615223.0,2615223.0
138,KD-DT-00318,FATMAX GLOBAL VENTURE LTD,VALUE,,3892979.3000000003,3892979.3000000003
139,KD-DT-00318,FATMAX GLOBAL VENTURE LTD,COMFORT,,3515247.6999999997,3515247.6999999997
140,KD-DT-00318,FATMAX GLOBAL VENTURE LTD,Total,,10023449.999999998,10023449.999999998
141,KD-DT-00320,MARGAWA GLOBAL VENTURES,VALUE,,38877.09,38877.09
142,KD-DT-00320,MARGAWA GLOBAL VENTURES,Total,,38877.09,38877.09
143,KD-DT-00321,ADALIGHT VENTURES,VALUE,,1499325.06,1499325.06
144,KD-DT-00321,ADALIGHT VENTURES,COMFORT,,979060.0,979060.0
145,KD-DT-00321,ADALIGHT VENTURES,Total,,2478385.06,2478385.06
146,KD-DT-00322,AMAINO GLOBAL SERVICES,LUXURY,,334484.0,334484.0
147,KD-DT-00322,AMAINO GLOBAL SERVICES,VALUE,,2122027.59,2122027.59
148,KD-DT-00322,AMAINO GLOBAL SERVICES,COMFORT,,3093718.1,3093718.1
149,KD-DT-00322,AMAINO GLOBAL SERVICES,Total,,5550229.689999999,5550229.689999999
150,Total,,,,195289237.83999997,195289237.83999997
