,Customer No,Customer Name,SKU Category,Month-Year,2018-10-01 00:00:00,Total
0,KD-DT-00004,YEMI BADEJO AND SONS (KADUNA),LUXURY,,796967.0,796967.0
1,KD-DT-00004,YEMI BADEJO AND SONS (KADUNA),VALUE,,828512.3700000001,828512.3700000001
2,KD-DT-00004,YEMI BADEJO AND SONS (KADUNA),COMFORT,,120089.0,120089.0
3,KD-DT-00004,YEMI BADEJO AND SONS (KADUNA),Total,,1745568.37,1745568.37
4,KD-DT-00007,DIVINE LIFT PRIME INDUSTRY LTD.,LUXURY,,136007.0,136007.0
5,KD-DT-00007,DIVINE LIFT PRIME INDUSTRY LTD.,VALUE,,327354.63,327354.63
6,KD-DT-00007,DIVINE LIFT PRIME INDUSTRY LTD.,COMFORT,,126094.0,126094.0
7,KD-DT-00007,DIVINE LIFT PRIME INDUSTRY LTD.,Total,,589455.63,589455.63
8,KD-DT-00008,ASWEST LIMITED (NIGER),LUXURY,,181440.0,181440.0
9,KD-DT-00008,ASWEST LIMITED (NIGER),VALUE,,4687688.0600000005,4687688.0600000005
10,KD-DT-00008,ASWEST LIMITED (NIGER),COMFORT,,2802836.0,2802836.0
11,KD-DT-00008,ASWEST LIMITED (NIGER),Total,,7671964.0600000005,7671964.0600000005
12,KD-DT-00009,ASAD INVESTMENT (KADUNA),VALUE,,45759.0,45759.0
13,KD-DT-00009,ASAD INVESTMENT (KADUNA),COMFORT,,234277.0,234277.0
14,KD-DT-00009,ASAD INVESTMENT (KADUNA),Total,,280036.0,280036.0
15,KD-DT-00010,FID JOE BEDDINGS,VALUE,,4575.9,4575.9
16,KD-DT-00010,FID JOE BEDDINGS,COMFORT,,80856.98999999999,80856.98999999999
17,KD-DT-00010,FID JOE BEDDINGS,Total,,85432.89,85432.89
18,KD-DT-00019,C.C.IKEGWUONO NIGERIA ENT. (PLATEAU),LUXURY,,1051689.0,1051689.0
19,KD-DT-00019,C.C.IKEGWUONO NIGERIA ENT. (PLATEAU),VALUE,,399066.81,399066.81
20,KD-DT-00019,C.C.IKEGWUONO NIGERIA ENT. (PLATEAU),COMFORT,,541134.1,541134.1
21,KD-DT-00019,C.C.IKEGWUONO NIGERIA ENT. (PLATEAU),Total,,1991889.9100000001,1991889.9100000001
22,KD-DT-00021,TOPMOST GLORY (ABUJA),LUXURY,,754357.0,754357.0
23,KD-DT-00021,TOPMOST GLORY (ABUJA),VALUE,,278306.29,278306.29
24,KD-DT-00021,TOPMOST GLORY (ABUJA),COMFORT,,861448.0,861448.0
25,KD-DT-00021,TOPMOST GLORY (ABUJA),Total,,1894111.2899999998,1894111.2899999998
26,KD-DT-00025,EDU INTERCONTINENTAL VEN.NIG.LTD,LUXURY,,812588.98,812588.98
27,KD-DT-00025,EDU INTERCONTINENTAL VEN.NIG.LTD,VALUE,,3689291.2399999993,3689291.2399999993
28,KD-DT-00025,EDU INTERCONTINENTAL VEN.NIG.LTD,COMFORT,,2228857.0,2228857.0
29,KD-DT-00025,EDU INTERCONTINENTAL VEN.NIG.LTD,Total,,6730737.220000001,6730737.220000001
30,KD-DT-00034,ON-JUST FOUNDATION (BAUCHI),VALUE,,286355.16000000003,286355.16000000003
31,KD-DT-00034,ON-JUST FOUNDATION (BAUCHI),Total,,286355.16000000003,286355.16000000003
32,KD-DT-00053,ALHAJI YUNUSA MUHAMMED & SONS (GOMBE),VALUE,,5209637.92,5209637.92
33,KD-DT-00053,ALHAJI YUNUSA MUHAMMED & SONS (GOMBE),COMFORT,,1415484.0,1415484.0
34,KD-DT-00053,ALHAJI YUNUSA MUHAMMED & SONS (GOMBE),Total,,6625121.92,6625121.92
35,KD-DT-00067,TIMADET,VALUE,,70823.14,70823.14
36,KD-DT-00067,TIMADET,Total,,70823.14,70823.14
37,KD-DT-00069,CANOPY GROUP,LUXURY,,3381595.0,3381595.0
38,KD-DT-00069,CANOPY GROUP,VALUE,,573564.6,573564.6
39,KD-DT-00069,CANOPY GROUP,COMFORT,,1131209.55,1131209.55
40,KD-DT-00069,CANOPY GROUP,Total,,5086369.149999999,5086369.149999999
41,KD-DT-00077,IKENNA MGBIKE (GBOKO),LUXURY,,84167.0,84167.0
42,KD-DT-00077,IKENNA MGBIKE (GBOKO),COMFORT,,50955.86,50955.86
43,KD-DT-00077,IKENNA MGBIKE (GBOKO),Total,,135122.86,135122.86
44,KD-DT-00107,MESSRS O. ISAACS LTD.,LUXURY,,15811128.49,15811128.49
45,KD-DT-00107,MESSRS O. ISAACS LTD.,VALUE,,9389896.769999998,9389896.769999998
46,KD-DT-00107,MESSRS O. ISAACS LTD.,COMFORT,,19848178.3,19848178.3
47,KD-DT-00107,MESSRS O. ISAACS LTD.,Total,,45049203.56000001,45049203.56000001
48,KD-DT-00163,A.U.B & Sons,VALUE,,380707.95,380707.95
49,KD-DT-00163,A.U.B & Sons,Total,,380707.95,380707.95
50,KD-DT-00214,NASSARA ENTERPRISES,LUXURY,,84167.0,84167.0
51,KD-DT-00214,NASSARA ENTERPRISES,VALUE,,702857.4,702857.4
52,KD-DT-00214,NASSARA ENTERPRISES,Total,,787024.4,787024.4
53,KD-DT-00220,NURA AHMED CD & SONs,VALUE,,78706.95,78706.95
54,KD-DT-00220,NURA AHMED CD & SONs,COMFORT,,75981.0,75981.0
55,KD-DT-00220,NURA AHMED CD & SONs,Total,,154687.95,154687.95
56,KD-DT-00228,NI'IMA ENTERPRISES,LUXURY,,103680.0,103680.0
57,KD-DT-00228,NI'IMA ENTERPRISES,VALUE,,2201877.7199999997,2201877.7199999997
58,KD-DT-00228,NI'IMA ENTERPRISES,COMFORT,,54526.65,54526.65
59,KD-DT-00228,NI'IMA ENTERPRISES,Total,,2360084.3699999996,2360084.3699999996
60,KD-DT-00238,HABIBU MOH'D TIJJANI,VALUE,,2774113.2000000007,2774113.2000000007
61,KD-DT-00238,HABIBU MOH'D TIJJANI,COMFORT,,211657.0,211657.0
62,KD-DT-00238,HABIBU MOH'D TIJJANI,Total,,2985770.2000000007,2985770.2000000007
63,KD-DT-00244,IBRAHIM YAHAYA,LUXURY,,123605.0,123605.0
64,KD-DT-00244,IBRAHIM YAHAYA,VALUE,,1689527.3499999996,1689527.3499999996
65,KD-DT-00244,IBRAHIM YAHAYA,COMFORT,,1057525.3,1057525.3
66,KD-DT-00244,IBRAHIM YAHAYA,Total,,2870657.65,2870657.65
67,KD-DT-00266,STARBIZ LYNK VENTURES,LUXURY,,2037118.2,2037118.2
68,KD-DT-00266,STARBIZ LYNK VENTURES,VALUE,,1514622.9,1514622.9
69,KD-DT-00266,STARBIZ LYNK VENTURES,COMFORT,,184668.12,184668.12
70,KD-DT-00266,STARBIZ LYNK VENTURES,Total,,3736409.22,3736409.22
71,KD-DT-00269,MUDIS MERIT VENT.(MUDASIRU ISHOLA NIG LTD (ABUJA)),LUXURY,,1688399.0,1688399.0
72,KD-DT-00269,MUDIS MERIT VENT.(MUDASIRU ISHOLA NIG LTD (ABUJA)),COMFORT,,327696.0,327696.0
73,KD-DT-00269,MUDIS MERIT VENT.(MUDASIRU ISHOLA NIG LTD (ABUJA)),Total,,2016095.0,2016095.0
74,KD-DT-00272,FREDICO INTER NIG,VALUE,,484596.0,484596.0
75,KD-DT-00272,FREDICO INTER NIG,Total,,484596.0,484596.0
76,KD-DT-00275,YEMI BADEJO-WORKABLE,LUXURY,,5507534.48,5507534.48
77,KD-DT-00275,YEMI BADEJO-WORKABLE,VALUE,,4812242.090000001,4812242.090000001
78,KD-DT-00275,YEMI BADEJO-WORKABLE,COMFORT,,5872385.87,5872385.87
79,KD-DT-00275,YEMI BADEJO-WORKABLE,Total,,16192162.440000001,16192162.440000001
80,KD-DT-00277,ALHAJI YUNUSA MUHAMMAD & SONS (BORNO),VALUE,,1949794.35,1949794.35
81,KD-DT-00277,ALHAJI YUNUSA MUHAMMAD & SONS (BORNO),COMFORT,,36027.0,36027.0
82,KD-DT-00277,ALHAJI YUNUSA MUHAMMAD & SONS (BORNO),Total,,1985821.35,1985821.35
83,KD-DT-00290,IBRAHIM LABARAN AHMED GEN ENT.,LUXURY,,213767.0,213767.0
84,KD-DT-00290,IBRAHIM LABARAN AHMED GEN ENT.,VALUE,,2331125.2800000003,2331125.2800000003
85,KD-DT-00290,IBRAHIM LABARAN AHMED GEN ENT.,COMFORT,,1209228.8099999998,1209228.8099999998
86,KD-DT-00290,IBRAHIM LABARAN AHMED GEN ENT.,Total,,3754121.09,3754121.09
87,KD-DT-00291,USMAN MOHAMMED INVESTMENT,VALUE,,642438.3,642438.3
88,KD-DT-00291,USMAN MOHAMMED INVESTMENT,Total,,642438.3,642438.3
89,KD-DT-00293,IKECHUKWU OZODIOBI ENTERPRISES,VALUE,,2177722.81,2177722.81
90,KD-DT-00293,IKECHUKWU OZODIOBI ENTERPRISES,Total,,2177722.81,2177722.81
91,KD-DT-00294,ALHAJI YUNUSA MUHAMMAD & SONS (ADAMAWA),VALUE,,782027.4,782027.4
92,KD-DT-00294,ALHAJI YUNUSA MUHAMMAD & SONS (ADAMAWA),COMFORT,,36027.0,36027.0
93,KD-DT-00294,ALHAJI YUNUSA MUHAMMAD & SONS (ADAMAWA),Total,,818054.4,818054.4
94,KD-DT-00297,EDU TRIPPLE DON LTD,LUXURY,,2523461.0,2523461.0
95,KD-DT-00297,EDU TRIPPLE DON LTD,VALUE,,2176331.2800000003,2176331.2800000003
96,KD-DT-00297,EDU TRIPPLE DON LTD,COMFORT,,3265951.2800000003,3265951.2800000003
97,KD-DT-00297,EDU TRIPPLE DON LTD,Total,,7965743.559999999,7965743.559999999
98,KD-DT-00299,M. S. DANJUMA GENERAL ENTERPRISES,LUXURY,,250317.0,250317.0
99,KD-DT-00299,M. S. DANJUMA GENERAL ENTERPRISES,VALUE,,2878451.1,2878451.1
100,KD-DT-00299,M. S. DANJUMA GENERAL ENTERPRISES,Total,,3128768.1,3128768.1
101,KD-DT-00300,MAI KATIFA & SONS NIG,LUXURY,,112320.0,112320.0
102,KD-DT-00300,MAI KATIFA & SONS NIG,VALUE,,99196.15,99196.15
103,KD-DT-00300,MAI KATIFA & SONS NIG,COMFORT,,797379.62,797379.62
104,KD-DT-00300,MAI KATIFA & SONS NIG,Total,,1008895.77,1008895.77
105,KD-DT-00302,DAMADO HEALTH AND AGRO-ALLIED SERVICES,LUXURY,,103680.0,103680.0
106,KD-DT-00302,DAMADO HEALTH AND AGRO-ALLIED SERVICES,VALUE,,89284.88,89284.88
107,KD-DT-00302,DAMADO HEALTH AND AGRO-ALLIED SERVICES,COMFORT,,946653.09,946653.09
108,KD-DT-00302,DAMADO HEALTH AND AGRO-ALLIED SERVICES,Total,,1139617.97,1139617.97
109,KD-DT-00305,MEKUS & SONS ENT.,LUXURY,,63125.0,63125.0
110,KD-DT-00305,MEKUS & SONS ENT.,VALUE,,1932945.8999999997,1932945.8999999997
111,KD-DT-00305,MEKUS & SONS ENT.,COMFORT,,509627.0,509627.0
112,KD-DT-00305,MEKUS & SONS ENT.,Total,,2505697.9,2505697.9
113,KD-DT-00306,JAFARTU LTD,LUXURY,,90720.0,90720.0
114,KD-DT-00306,JAFARTU LTD,VALUE,,6226205.909999999,6226205.909999999
115,KD-DT-00306,JAFARTU LTD,COMFORT,,385784.0,385784.0
116,KD-DT-00306,JAFARTU LTD,Total,,6702709.909999999,6702709.909999999
117,KD-DT-00308,ROSY ANGELS ASSOCIATES LTD (ABUJA),LUXURY,,290872.0,290872.0
118,KD-DT-00308,ROSY ANGELS ASSOCIATES LTD (ABUJA),VALUE,,204541.59999999998,204541.59999999998
119,KD-DT-00308,ROSY ANGELS ASSOCIATES LTD (ABUJA),COMFORT,,483359.0,483359.0
120,KD-DT-00308,ROSY ANGELS ASSOCIATES LTD (ABUJA),Total,,978772.6,978772.6
121,KD-DT-00316,THERMOS KONSULT NIG LTD,LUXURY,,100883.0,100883.0
122,KD-DT-00316,THERMOS KONSULT NIG LTD,VALUE,,606883.0299999998,606883.0299999998
123,KD-DT-00316,THERMOS KONSULT NIG LTD,COMFORT,,898532.6000000001,898532.6000000001
124,KD-DT-00316,THERMOS KONSULT NIG LTD,Total,,1606298.63,1606298.63
125,KD-DT-00317,AMAINO GLOBAL SERVICES,VALUE,,743067.2,743067.2
126,KD-DT-00317,AMAINO GLOBAL SERVICES,Total,,743067.2,743067.2
127,KD-DT-00318,FATMAX GLOBAL VENTURE LTD,LUXURY,,384673.0,384673.0
128,KD-DT-00318,FATMAX GLOBAL VENTURE LTD,VALUE,,1069759.23,1069759.23
129,KD-DT-00318,FATMAX GLOBAL VENTURE LTD,COMFORT,,288213.0,288213.0
130,KD-DT-00318,FATMAX GLOBAL VENTURE LTD,Total,,1742645.23,1742645.23
131,KD-DT-00320,MARGAWA GLOBAL VENTURES,VALUE,,68638.5,68638.5
132,KD-DT-00320,MARGAWA GLOBAL VENTURES,COMFORT,,40530.0,40530.0
133,KD-DT-00320,MARGAWA GLOBAL VENTURES,Total,,109168.5,109168.5
134,KD-DT-00321,ADALIGHT VENTURES,LUXURY,,561849.0,561849.0
135,KD-DT-00321,ADALIGHT VENTURES,VALUE,,472594.93000000005,472594.93000000005
136,KD-DT-00321,ADALIGHT VENTURES,COMFORT,,353808.0,353808.0
137,KD-DT-00321,ADALIGHT VENTURES,Total,,1388251.93,1388251.93
138,Total,,,,148608181.58999997,148608181.58999997
