,Customer No,Customer Name,SKU Category,Month-Year,2018-09-01 00:00:00,Total
0,KD-DT-00004,YEMI BADEJO AND SONS (KADUNA),LUXURY,,187847.0,187847.0
1,KD-DT-00004,YEMI BADEJO AND SONS (KADUNA),VALUE,,998905.22,998905.22
2,KD-DT-00004,YEMI BADEJO AND SONS (KADUNA),COMFORT,,355581.0,355581.0
3,KD-DT-00004,YEMI BADEJO AND SONS (KADUNA),Total,,1542333.22,1542333.22
4,KD-DT-00007,DIVINE LIFT PRIME INDUSTRY LTD.,VALUE,,704500.4900000002,704500.4900000002
5,KD-DT-00007,DIVINE LIFT PRIME INDUSTRY LTD.,COMFORT,,334576.0,334576.0
6,KD-DT-00007,DIVINE LIFT PRIME INDUSTRY LTD.,Total,,1039076.4900000003,1039076.4900000003
7,KD-DT-00008,ASWEST LIMITED (NIGER),LUXURY,,916555.0,916555.0
8,KD-DT-00008,ASWEST LIMITED (NIGER),VALUE,,3898798.4299999997,3898798.4299999997
9,KD-DT-00008,ASWEST LIMITED (NIGER),COMFORT,,3335880.0,3335880.0
10,KD-DT-00008,ASWEST LIMITED (NIGER),Total,,8151233.430000001,8151233.430000001
11,KD-DT-00010,FID JOE BEDDINGS,COMFORT,,63047.0,63047.0
12,KD-DT-00010,FID JOE BEDDINGS,Total,,63047.0,63047.0
13,KD-DT-00019,C.C.IKEGWUONO NIGERIA ENT. (PLATEAU),LUXURY,,1054041.0,1054041.0
14,KD-DT-00019,C.C.IKEGWUONO NIGERIA ENT. (PLATEAU),VALUE,,2516519.92,2516519.92
15,KD-DT-00019,C.C.IKEGWUONO NIGERIA ENT. (PLATEAU),COMFORT,,893879.0,893879.0
16,KD-DT-00019,C.C.IKEGWUONO NIGERIA ENT. (PLATEAU),Total,,4464439.920000001,4464439.920000001
17,KD-DT-00021,TOPMOST GLORY (ABUJA),LUXURY,,1040731.0,1040731.0
18,KD-DT-00021,TOPMOST GLORY (ABUJA),VALUE,,469880.49000000005,469880.49000000005
19,KD-DT-00021,TOPMOST GLORY (ABUJA),COMFORT,,2416731.9600000004,2416731.9600000004
20,KD-DT-00021,TOPMOST GLORY (ABUJA),Total,,3927343.45,3927343.45
21,KD-DT-00025,EDU INTERCONTINENTAL VEN.NIG.LTD,LUXURY,,3067394.0,3067394.0
22,KD-DT-00025,EDU INTERCONTINENTAL VEN.NIG.LTD,VALUE,,7852079.1899999995,7852079.1899999995
23,KD-DT-00025,EDU INTERCONTINENTAL VEN.NIG.LTD,COMFORT,,2236744.0,2236744.0
24,KD-DT-00025,EDU INTERCONTINENTAL VEN.NIG.LTD,Total,,13156217.189999998,13156217.189999998
25,KD-DT-00034,ON-JUST FOUNDATION (BAUCHI),VALUE,,1300393.25,1300393.25
26,KD-DT-00034,ON-JUST FOUNDATION (BAUCHI),COMFORT,,1439040.6700000002,1439040.6700000002
27,KD-DT-00034,ON-JUST FOUNDATION (BAUCHI),Total,,2739433.92,2739433.92
28,KD-DT-00053,ALHAJI YUNUSA MUHAMMED & SONS (GOMBE),COMFORT,,1034720.88,1034720.88
29,KD-DT-00053,ALHAJI YUNUSA MUHAMMED & SONS (GOMBE),Total,,1034720.88,1034720.88
30,KD-DT-00061,JOBROS NIG. LIMITED (BENUE),LUXURY,,181440.0,181440.0
31,KD-DT-00061,JOBROS NIG. LIMITED (BENUE),VALUE,,230476.59999999998,230476.59999999998
32,KD-DT-00061,JOBROS NIG. LIMITED (BENUE),COMFORT,,425970.0,425970.0
33,KD-DT-00061,JOBROS NIG. LIMITED (BENUE),Total,,837886.6,837886.6
34,KD-DT-00067,TIMADET,VALUE,,211056.2,211056.2
35,KD-DT-00067,TIMADET,COMFORT,,42844.85,42844.85
36,KD-DT-00067,TIMADET,Total,,253901.05,253901.05
37,KD-DT-00069,CANOPY GROUP,LUXURY,,3122760.0,3122760.0
38,KD-DT-00069,CANOPY GROUP,VALUE,,2256529.35,2256529.35
39,KD-DT-00069,CANOPY GROUP,COMFORT,,6256731.1,6256731.1
40,KD-DT-00069,CANOPY GROUP,Total,,11636020.450000001,11636020.450000001
41,KD-DT-00076,ALH. MANSIR ABDU KATSINA,VALUE,,1143975.0,1143975.0
42,KD-DT-00076,ALH. MANSIR ABDU KATSINA,Total,,1143975.0,1143975.0
43,KD-DT-00077,IKENNA MGBIKE (GBOKO),COMFORT,,84334.49,84334.49
44,KD-DT-00077,IKENNA MGBIKE (GBOKO),Total,,84334.49,84334.49
45,KD-DT-00107,MESSRS O. ISAACS LTD.,LUXURY,,11026981.9,11026981.9
46,KD-DT-00107,MESSRS O. ISAACS LTD.,VALUE,,8164644.879999999,8164644.879999999
47,KD-DT-00107,MESSRS O. ISAACS LTD.,COMFORT,,12631260.0,12631260.0
48,KD-DT-00107,MESSRS O. ISAACS LTD.,Total,,31822886.780000024,31822886.780000024
49,KD-DT-00141,MUKTAR RABI ENTERPRISES(08030775540),LUXURY,,60480.0,60480.0
50,KD-DT-00141,MUKTAR RABI ENTERPRISES(08030775540),COMFORT,,317057.51,317057.51
51,KD-DT-00141,MUKTAR RABI ENTERPRISES(08030775540),Total,,377537.51,377537.51
52,KD-DT-00163,A.U.B & Sons,LUXURY,,769345.0,769345.0
53,KD-DT-00163,A.U.B & Sons,VALUE,,2274221.25,2274221.25
54,KD-DT-00163,A.U.B & Sons,COMFORT,,1552317.2,1552317.2
55,KD-DT-00163,A.U.B & Sons,Total,,4595883.449999999,4595883.449999999
56,KD-DT-00214,NASSARA ENTERPRISES,VALUE,,1228175.55,1228175.55
57,KD-DT-00214,NASSARA ENTERPRISES,COMFORT,,84588.0,84588.0
58,KD-DT-00214,NASSARA ENTERPRISES,Total,,1312763.55,1312763.55
59,KD-DT-00220,NURA AHMED CD & SONs,LUXURY,,38880.0,38880.0
60,KD-DT-00220,NURA AHMED CD & SONs,VALUE,,76832.07,76832.07
61,KD-DT-00220,NURA AHMED CD & SONs,Total,,115712.07,115712.07
62,KD-DT-00228,NI'IMA ENTERPRISES,VALUE,,4584706.739999999,4584706.739999999
63,KD-DT-00228,NI'IMA ENTERPRISES,Total,,4584706.739999999,4584706.739999999
64,KD-DT-00238,HABIBU MOH'D TIJJANI,VALUE,,3880412.3600000003,3880412.3600000003
65,KD-DT-00238,HABIBU MOH'D TIJJANI,COMFORT,,465406.0,465406.0
66,KD-DT-00238,HABIBU MOH'D TIJJANI,Total,,4345818.36,4345818.36
67,KD-DT-00244,IBRAHIM YAHAYA,VALUE,,918227.8799999999,918227.8799999999
68,KD-DT-00244,IBRAHIM YAHAYA,COMFORT,,569160.9,569160.9
69,KD-DT-00244,IBRAHIM YAHAYA,Total,,1487388.7799999996,1487388.7799999996
70,KD-DT-00266,STARBIZ LYNK VENTURES,LUXURY,,2645778.0,2645778.0
71,KD-DT-00266,STARBIZ LYNK VENTURES,VALUE,,3738709.8,3738709.8
72,KD-DT-00266,STARBIZ LYNK VENTURES,COMFORT,,1302623.0,1302623.0
73,KD-DT-00266,STARBIZ LYNK VENTURES,Total,,7687110.8,7687110.8
74,KD-DT-00272,FREDICO INTER NIG,VALUE,,2318653.08,2318653.08
75,KD-DT-00272,FREDICO INTER NIG,COMFORT,,53529.0,53529.0
76,KD-DT-00272,FREDICO INTER NIG,Total,,2372182.08,2372182.08
77,KD-DT-00273,IFAKA BROTHERS ENTERPRISES,VALUE,,780105.36,780105.36
78,KD-DT-00273,IFAKA BROTHERS ENTERPRISES,COMFORT,,584912.0,584912.0
79,KD-DT-00273,IFAKA BROTHERS ENTERPRISES,Total,,1365017.3599999999,1365017.3599999999
80,KD-DT-00275,YEMI BADEJO-WORKABLE,LUXURY,,2084363.12,2084363.12
81,KD-DT-00275,YEMI BADEJO-WORKABLE,VALUE,,8724834.260000002,8724834.260000002
82,KD-DT-00275,YEMI BADEJO-WORKABLE,COMFORT,,4439015.75,4439015.75
83,KD-DT-00275,YEMI BADEJO-WORKABLE,Total,,15248213.130000005,15248213.130000005
84,KD-DT-00290,IBRAHIM LABARAN AHMED GEN ENT.,VALUE,,2596704.9599999995,2596704.9599999995
85,KD-DT-00290,IBRAHIM LABARAN AHMED GEN ENT.,COMFORT,,630238.0,630238.0
86,KD-DT-00290,IBRAHIM LABARAN AHMED GEN ENT.,Total,,3226942.9599999995,3226942.9599999995
87,KD-DT-00291,USMAN MOHAMMED INVESTMENT,VALUE,,244346.88,244346.88
88,KD-DT-00291,USMAN MOHAMMED INVESTMENT,Total,,244346.88,244346.88
89,KD-DT-00297,EDU TRIPPLE DON LTD,LUXURY,,991220.0,991220.0
90,KD-DT-00297,EDU TRIPPLE DON LTD,VALUE,,2437373.6999999997,2437373.6999999997
91,KD-DT-00297,EDU TRIPPLE DON LTD,COMFORT,,3205591.28,3205591.28
92,KD-DT-00297,EDU TRIPPLE DON LTD,Total,,6634184.9799999995,6634184.9799999995
93,KD-DT-00298,C.C. EMEH AND SONS NIG LTD,LUXURY,,187192.0,187192.0
94,KD-DT-00298,C.C. EMEH AND SONS NIG LTD,VALUE,,294501.39999999997,294501.39999999997
95,KD-DT-00298,C.C. EMEH AND SONS NIG LTD,COMFORT,,2911014.0,2911014.0
96,KD-DT-00298,C.C. EMEH AND SONS NIG LTD,Total,,3392707.4,3392707.4
97,KD-DT-00299,M. S. DANJUMA GENERAL ENTERPRISES,VALUE,,2224118.4,2224118.4
98,KD-DT-00299,M. S. DANJUMA GENERAL ENTERPRISES,Total,,2224118.4,2224118.4
99,KD-DT-00300,MAI KATIFA & SONS NIG,LUXURY,,291527.0,291527.0
100,KD-DT-00300,MAI KATIFA & SONS NIG,VALUE,,963228.0,963228.0
101,KD-DT-00300,MAI KATIFA & SONS NIG,COMFORT,,1139816.22,1139816.22
102,KD-DT-00300,MAI KATIFA & SONS NIG,Total,,2394571.22,2394571.22
103,KD-DT-00305,MEKUS & SONS ENT.,VALUE,,2255002.49,2255002.49
104,KD-DT-00305,MEKUS & SONS ENT.,COMFORT,,337879.0,337879.0
105,KD-DT-00305,MEKUS & SONS ENT.,Total,,2592881.49,2592881.49
106,KD-DT-00306,JAFARTU LTD,VALUE,,7010634.409999999,7010634.409999999
107,KD-DT-00306,JAFARTU LTD,COMFORT,,105078.0,105078.0
108,KD-DT-00306,JAFARTU LTD,Total,,7115712.409999999,7115712.409999999
109,KD-DT-00317,AMAINO GLOBAL SERVICES,VALUE,,2530472.7,2530472.7
110,KD-DT-00317,AMAINO GLOBAL SERVICES,COMFORT,,343221.0,343221.0
111,KD-DT-00317,AMAINO GLOBAL SERVICES,Total,,2873693.7,2873693.7
112,KD-DT-00318,FATMAX GLOBAL VENTURE LTD,LUXURY,,244796.0,244796.0
113,KD-DT-00318,FATMAX GLOBAL VENTURE LTD,VALUE,,688390.5,688390.5
114,KD-DT-00318,FATMAX GLOBAL VENTURE LTD,COMFORT,,40530.0,40530.0
115,KD-DT-00318,FATMAX GLOBAL VENTURE LTD,Total,,973716.5,973716.5
116,Total,,,,157062059.6399999,157062059.6399999
